timestamp,tenant_id,session_id,x_enc_data,category,response_node,fail_reason,question_type,total_tokens,user_input,llm_response_1000
2026-02-19 23:27:16,ibks,0a4eca40-e232-4924-a50a-1a8e6c71f02c,NbgmDWy3XhY8qGxpytYJuz1POPPK5jyj0MToOCLzDvZ1f+RdorBdPTjSZVzA+AB1TLWCZeG/ppT/Khg/drEB5Q==,comprehensive_analysis,FINAL,,"market,stock",8262.0,한국항공우주(047810)를 종합적으로 분석해줘,"**한국항공우주(047810) 종합 분석** --- **최근 주요 뉴스 및 이슈**   - 한국항공우주가 사우디와 우주사업 협력 기대감으로 주가 장중 7%대 상승을 기록했다. (비즈니스포스트, 2026-02-13 [링크](https://www.businesspost.co.kr/BP?command=article_view&num=430297))   - 공격적인 수주 목표가 긍정적으로 평가되며 목표주가가 상향된 사례가 다수 존재한다. (한국경제, 2026-02-08, 2026-02-09 [링크](https://www.hankyung.com/article/2026020924176))   - KF-21 전투기 첫 수출 기대가 관련 목표가 상승의 주요 원인으로 지목됨. (한국경제, 2026-02-05, 2026-02-06 [링크](https://www.hankyung.com/article/2026020679936))   - 삼성증권에서는 주가 급등에 따른 상승 여력은 축소되었으나 투자의견은 중립 유지. (파이낸셜뉴스, 2026-02-06 [링크](https://www.fnnews.com/news/202602060914127305))   - 5,000억원 규모 사모 전환사채 발행이 진행됨. (매일경제, 2026-02-05 [링크](https://n.news.naver.com/mnews/article/009/0005633198)) --- **투자 키포인트**   - **수주 및 매출 성장 기대감**: 공격적인 수주 목표와 KF-21 수출 첫 사례 기대가 매출 성장에 긍정적 영향을 미칠 가능성이 있음   - **이익 성장 전망**: 2026년에 최대 실적 달성이 예상되는 가운데, 매출 대비 영업이익과 순이익의 개선도 기대됨   - **재무 건전성**: 부채비율이 2024년 기준 364.66%로 다소 높으나, 이자보상배율 등 일부 재무지표는 미공개 상태임   - **배당 정책**: 연도별 DPS(주당 배당금)가 소폭 증가하는 모습을 보이며, 2025년에는 553원으로 상"
2026-02-19 23:23:32,ibks,3a3c1396-a19b-4508-a4ba-dcb9fac32b3a,LkELMrKZqVxH7Ltj7WAfhmH6lGymiUlpxUSDD5NfhDgPOwRPf+8mANx4tpARw0UKHerhAy6A4Jxe+4pOqSi3LQ==,comprehensive_analysis,FINAL,,"market,stock",6141.0,아이로보틱스(066430) 종합적으로 분석해줘,"**아이로보틱스(066430) 종합 분석** --- **재무 현황 (2023-2024년 비교)** | 재무지표     | 2023년    | 2024년    | 단위    | |------------|----------|----------|--------| | 매출        | ₩358     | ₩361     | 백만원  | | 영업이익     | ₩1       | ₩9       | 백만원  | | 순이익      | ₩28      | ₩-5      | 백만원  | | PER        | 9.61     | -43.38   | 배     | | PBR        | 0.64     | 0.50     | 배     | | EPS        | 74.00    | -12.00   | 원     | | 부채비율     | 29.18    | 20.35    | %      | | BPS(Q4)    | ₩1,098   | ₩1,088   | 원     | - **매출은 2023년 ₩358백만원에서 2024년 ₩361백만원으로 소폭 증가했습니다.** - 영업이익은 소폭 개선되어 2024년 ₩9백만원의 이익을 기록했으나, 순이익은 2024년에 적자로 전환하여 ₩-5백만원을 기록했습니다. - PER이 2024년 음수로 전환된 것은 순이익 적자 상황을 반영합니다. - 부채비율은 2023년 29.18%에서 2024년 20.35%로 감소해 재무 안정성은 다소 개선된 모습입니다. - 주당순이익(EPS)은 2023년 74원에서 2024년 마이너스 12원으로 하락했습니다. --- **최근 주요 뉴스 및 이슈 (2025-2026년)** - 2026년 2월, 아이로보틱스가 중국 슬링과 '테슬라 옵티머스'용 감속기 개발 동맹을 체결하며 하모닉 드라이브 기술 개발에 적극 나섰습니다. (전자신문, 2026-02-04 [링크](https://www.etnews.com/20260204000297)) - 2026년 2월, 티로보틱스가 아이로보틱스를 인수하며 스"
2026-02-19 23:22:12,ibks,aeb2c483-8f17-40bc-a323-02c14edcf264,U0IGTOCVcTj9wWp%2FBdoCIT6ESIydHthC2V6Qt4yzr2J3d5tXZBNJBQHsCSiHqBlk4C7%2Fdnw4VOLwv8TaEfK4aQ%3D%3D,comprehensive_analysis,FINAL,,"market,stock",5429.0,라온로보틱스(232680)를 종합적으로 분석해줘,"**라온로보틱스(232680) 종합 분석** --- **최근 주요 뉴스 및 이슈** - 라온로보틱스는 지난해 영업이익 43억 원을 기록하며 해외 수출 실적이 성과로 나타났습니다. (전자신문, 2026-02-02 [링크](https://www.etnews.com/20260202000135)) - 유안타증권은 미세공정 확대 및 해외 진출로 성장 모멘텀 본격화가 기대된다는 분석을 제시했습니다. (이투데이, 2026-01-27 [링크](https://www.etoday.co.kr/news/view/2550042)) --- **주요 재무지표** | 재무지표   | 2023년 (KRW, 억원) | 2024년 (KRW, 억원) | |---------|-----------------|-----------------| | 매출    | 345             | 492             | | 영업이익  | 20              | 25              | | 순이익   | 23              | 52              | | PER     | 51.11           | 14.90           | | PBR     | 4.11            | 2.29            | | EPS     | 185.00          | 417.00          | | 부채비율  | 64.52%          | 89.92%          | | BPS(Q4) | 2,304 KRW       | 2,713 KRW       | | DPS(Q4) | 30 KRW          | 50 KRW          | | 배당수익률(Q4) | 0.32%          | 0.80%           | | 배당성향(Q4) | 15.83%          | 11.39%          | - 매출과 순이익이 2023년 대비 2024년에 각각 약 42.6%, 126% 증가하는 등 수익성 개선이 관찰됩니다. - PER과 P"
2026-02-19 22:51:20,ibks,9ad64d96-4b01-4404-9f46-9503d432e39d,S7yk4nFtHvzTH5vXTql7k2ZBLLJ7uTyW35jiJ1Bas9985tZ9CPn+pspRKdvldDtNrSL4tr3aoLioCSOXXPJQyA==,simple_name,FINAL,,"market,stock",1916.0,분석,"**사용자 질문에 대한 직접적 답변**   - LK삼양(종목코드 225190)은 KOSDAQ 시장에 상장되어 있으며, 현재 활발히 거래되고 있는 종목입니다.   - 제공된 데이터 내에서는 LK삼양에 대한 직접적인 재무실적, 애널리스트 의견, 또는 기타 분석 자료가 포함되어 있지 않아 구체적인 재무 분석이나 기업 실적 평가를 제시하기 어렵습니다.   (추가적인 분석을 원하실 경우, 최신 재무제표, 사업 현황, 산업 동향 등의 자료가 필요합니다.)"
2026-02-19 22:34:54,ibks,97319ce5-62b7-425b-bd08-ac92f9f7bcc5,47KSljbItBuS6ZZ6DIfFm78zagnZ3oU6e59nlk2zUzTvzVPHAh49p5RVMkPhF7fjM6rFsuEOCX3fY12dUeV5hQ==,financial,FINAL,,"market,stock",2704.0,엘앤에프 4분기 실적 호조 이유가 궁금해요.,"**엘앤에프 4분기 실적 호조 이유** - 2025년 4분기 엘앤에프는 영업이익 824억 원을 기록하며 전년 동기 대비 흑자 전환에 성공했습니다. - 해당 호조의 구체적 원인 데이터는 제공되지 않았으나, 일반적으로 실적 개선은 매출 증가, 원가 절감, 비용 효율화 등의 요인에서 기인할 수 있습니다. - 앞서 2025년 연간 실적에서 적자 기조가 지속되었음에도 4분기에서 흑자 전환이 확인된 점으로 미뤄볼 때, 계절적 수요 증가나 주요 사업 부문의 수익성 강화, 혹은 원가구조 개선에 따른 영향이 있었을 가능성이 높습니다. ※ 추가적인 상세 배경이나 구체 수치는 제공된 데이터에 포함되어 있지 않습니다."
2026-02-19 22:09:24,ibks,411b3c2c-6ce1-4abf-bed3-56ac0ed3983b,ygIR9VBh4+arCutCgQKDgMfHF7l4T5fso9YZ+Cmz97PIPdTvCmujgsjcLuePchR9IYKRHO7duMU7+kmGm8V9zg==,sector_theme,FINAL,,"market,theme",36824.0,유리기판 관련주,"현재 제공된 데이터 내에는 유리기판 관련주에 대한 별도 분류나 구체적인 정보가 포함되어 있지 않습니다. 따라서 유리기판 관련주에 대해 명확한 종목 정보를 제공하기 어렵습니다. 필요한 경우, 유리기판 관련주는 일반적으로 반도체, 디스플레이, 전자재료 분야와 관련된 기업에서 찾아볼 수 있으니, 추가 데이터 확보 시 상세 분석이 가능할 것입니다."
2026-02-19 21:49:53,ibks,5bcfe81c-7976-412a-b324-9a7da80e84f7,BHg3DVwds9aKXFtg/XYIbemt0WzHVtI+xVVcgQvLGFtMHR3ZNM+OexKnAMoPffWDc6WBGQZn4K4bEe9fQKdwwg==,comprehensive_analysis,FINAL,,"market,stock",7267.0,비에이치아이(083650)를 종합적으로 분석해줘,"**비에이치아이(083650) 종합 분석** --- **최근 주요 뉴스 및 이슈**   - 비에이치아이는 2025년에 사상 최대 실적을 기록하며, 영업이익이 733억원으로 전년 대비 234% 증가하였습니다. (한국경제, 2026-02-06 [링크](https://n.news.naver.com/mnews/article/015/0005247851))   - K-LNG(액화천연가스) 및 원전 분야에서 수주 확대가 실적 성장의 주요 동력으로 작용하고 있으며, 매출은 7,716억원에 달해 어닝 서프라이즈를 기록했습니다. (이투데이, 2026-02-06 [링크](https://www.etoday.co.kr/news/view/2553909))   - 신규 원전 2기 건설 계획 소식이 투자 심리 개선에 긍정적인 영향을 미쳤으며, 이에 따라 업계 내 'K-원전 밸류체인' 관련 기업으로 주목받고 있습니다. (이데일리, 2026-01-27 [링크](https://n.news.naver.com/mnews/article/018/0006207697)) --- **주요 재무 지표 (2023-2025년 기준, 단위: 억원, KRW)** | 구분       | 2023    | 2024    | 2025     | |------------|---------|---------|----------| | 매출       | 3674    | 4047    | 7247     | | 영업이익   | 151     | 219     | 712      | | 순이익     | 75      | 196     | 584      | | PER        | 30.38   | 24.38   | 38.01    | | PBR        | 3.41    | 4.11    | 12.91    | | EPS(원)    | 267     | 633     | 1889     | | BPS(원)    | 2377    | 3761    | 5563     | | 부채비율(%)| 477.25  | 3"
2026-02-19 21:08:49,ibks,1efacc53-2a3a-4f1f-8539-ec6786321b75,m8RfDIuCgmYHqqZkA9ZMBd3gHqzPZ7KXxWpPqdrptvr1AqX0Q5jvQsOMf+VGFIVE0NNhnNmpA9yWOOFq+QkTpQ==,analyst,FINAL,,"market,stock",4712.0,한화솔루션 EPS 전망과 애널리스트 의견은 어떻게 되나요?,"**한화솔루션(009830) EPS 전망 및 애널리스트 의견** --- **EPS 전망 (2026년 기준)**   - 연간 EPS 예상치는 5,205.82원(최저)부터 7,206.14원(최고) 사이이며, 평균 예상 EPS는 약 6,482.20원으로 집계되어 있습니다.   - 분기 EPS 예상치는 1,529.92원(최저)에서 2,715.02원(최고) 사이, 평균 약 2,391.24원으로 전망됩니다.   - EPS 추정치는 최근 2026년 1월 24일부터 31일까지 동일 범위로 반복 보고되었습니다. **애널리스트 의견**   - 현재 수집된 데이터 내에서 별도의 애널리스트 등급이나 투자 의견(매수/중립/매도) 관련 데이터는 제공되지 않았습니다.   - 다만 향후 EPS가 과거 적자에서 플러스로 전환될 가능성을 시사하는 긍정적 추정치가 제시되어 있습니다. 요약하면, 2026년 한화솔루션의 EPS는 과거 적자에서 벗어나 개선될 것으로 분석되나, 구체적인 애널리스트 리포트나 등급 정보는 별도로 확인이 필요합니다."
2026-02-19 17:26:29,ibks,8baf87f4-172d-4821-8183-ff36e0f8cda9,UbiQqePsevzvyGve9uo17e9ocfJy3xCHgEUftZm4hcmy7rpz3g/W8Q0hDXdS4ja8ucGnzmQyta8o7meAL+BG1w==,other,FINAL,,"market,stock",4158.0,씨아이에스 시총은?,"**씨아이에스(222080) 시가총액 산출 근거 (2026-02-19 기준)** - 2026-02-19 종가: 13,470 KRW   - BPS(2024년): 6,188 KRW   - 주식 발행 주식수 정보는 제공되지 않았으므로 정확한 시가총액 산출은 불가   제공된 데이터 내에서는 씨아이에스의 발행 주식 수가 없어 시가총액을 직접 계산할 수 없습니다.   시가총액 계산을 위해서는 발행 주식 수 또는 총 주식 수 데이터 추가 제공이 필요합니다."
2026-02-19 16:42:16,ibks,6b54475b-5211-4f8e-b6bf-449f40cd74ae,fRUNIfNntnvGZ25ioKXGHzT/owLZ4nkZHknJ+SxkKNAS1O8LUpxzkGjvisou/r96g/asqjMkWqDsFFaRYjdFOg==,analyst,FINAL,,"market,stock",2590.0,이노테크 목표주가,"이노테크(469610)의 목표주가에 대한 데이터는 제공된 자료 내에 포함되어 있지 않습니다.   따라서 목표주가 관련 정보는 제공할 수 없으며, 추가적인 목표주가 산출이나 전망 자료 없이 객관적이고 검증된 데이터 중심의 분석만 가능합니다."
2026-02-19 16:41:03,ibks,6b54475b-5211-4f8e-b6bf-449f40cd74ae,fRUNIfNntnvGZ25ioKXGHzT/owLZ4nkZHknJ+SxkKNAS1O8LUpxzkGjvisou/r96g/asqjMkWqDsFFaRYjdFOg==,comprehensive_analysis,FINAL,,"market,stock",6156.0,이노테크(469610)를 종합적으로 분석해줘,"**이노테크(469610) 종합 분석** --- **재무 현황 (2023 - 2024년 비교)** | 재무지표   | 2023년   | 2024년   | 단위/KRW | |------------|----------|----------|----------| | 매출        | 518      | 612      | 억 원     | | 영업이익    | 46       | 57       | 억 원     | | 순이익      | 7        | 54       | 억 원     | | EPS        | 135.00   | 923.00   | 원        | | 부채비율    | 85.80%   | 85.58%   | %         | | BPS(Q4)    | 19,540   | 4,024    | 원        | - 2023년 대비 2024년에 매출과 영업이익, 순이익이 모두 증가하는 추세임. - EPS가 대폭 상승하여 수익성 개선이 나타남. - 부채비율은 크게 변동 없이 안정적인 상태임. - BPS는 감소했으나 추가적인 설명이 없어 배경 파악이 필요함. --- **최근 주가 동향 (2026년 2월 중순~후반)** | 날짜       | 시가     | 고가     | 저가     | 종가     | 거래량      | |------------|----------|----------|----------|----------|------------| | 2026-02-19 | 24,500   | 24,550   | 23,850   | 24,300   | 99,292     | | 2026-02-13 | 24,600   | 24,750   | 24,100   | 24,150   | 141,842    | | 2026-02-12 | 25,900   | 25,900   | 24,800   | 25,200   | 246,381    | | 2026-02-11 | 23,300   | 25,050   | 23,250   | 24,80"
2026-02-19 16:25:11,ibks,479357d6-97ba-40d5-b493-3e3df6c6b0c7,IC4JYUZbMueIejuc1Qcb1CMOKoAzWz7B1qx4xI+u9hSlKjG6bG8IL4zCRPNpm7Bb0VL+PIbtMd5cX8Eyl4FKnw==,financial,FINAL,,market,36252.0,최근 영업이익 증가율 높은 종목은 뭐가 있나요?,제공된 데이터 내에는 최근 영업이익 증가율에 관한 정보가 포함되어 있지 않습니다. 따라서 해당 지표를 기반으로 한 종목별 영업이익 증가율 현황이나 추천은 제공이 어렵습니다.  다른 재무 지표나 투자 관련 데이터가 있으면 말씀해 주시면 해당 내용을 바탕으로 안내해 드리겠습니다.
2026-02-19 16:24:56,ibks,479357d6-97ba-40d5-b493-3e3df6c6b0c7,IC4JYUZbMueIejuc1Qcb1CMOKoAzWz7B1qx4xI+u9hSlKjG6bG8IL4zCRPNpm7Bb0VL+PIbtMd5cX8Eyl4FKnw==,financial,FINAL,,market,36133.0,영업이익 높은 주식알려줘,제공된 데이터 내에는 영업이익(Operating Profit) 관련 정보가 포함되어 있지 않습니다. 따라서 영업이익이 높은 주식에 대해서는 답변이 어렵습니다.  필요하시면 다른 투자 지표나 조건에 맞는 종목 정보를 요청해 주시기 바랍니다.
2026-02-19 13:33:10,ibks,0233f587-f453-4c3c-8cd0-27c7d3a0d532,EtT4sohgJIZ89ovc3MEZYBTOLUQ5AH+9q1AhmRnuZnDze/kREGicxNsL40wXXTBSMmx4mXsZS3cTsL+anSpmnA==,comprehensive_analysis,FINAL,,"market,stock",5804.0,APS(054620)를 종합적으로 분석해줘,"**APS(054620) 종합 분석** --- **재무 현황 (2023-2024년 비교)** | 재무지표 | 2023년 | 2024년 | 단위/통화 | |---|---|---|---| | 매출 | ₩410억 | ₩940억 | KRW 억 | | 영업이익 | ₩-186억 | ₩-226억 | KRW 억 | | 순이익 | ₩140억 | ₩-34억 | KRW 억 | | PER | 10.69 | -79.54 | 배 | | PBR | 0.57 | 0.46 | 배 | | EPS | ₩627 | ₩-66 | KRW | | 부채비율 | 63.08% | 83.07% | % | | BPS(Q4) | ₩11,683 | ₩11,326 | KRW | - **매출**은 2023년 대비 2024년에 약 2배 이상 증가했으나, **영업이익과 순이익은 적자를 지속**하며 2024년에는 순손실 전환됨 - PER이 2024년에 마이너스(-79.54)로 나타나며, 수익성 악화가 뚜렷함 - 부채비율이 상승하여 재무 부담이 증가하는 추세임 --- **최근 주가 동향 (2026년 2월 중순 ~ 2월 19일)** | 날짜 | 시가 | 고가 | 저가 | 종가 | 거래량 | 단위 | | --- | --- | --- | --- | --- | --- | --- | | 2026-02-19 | 4,890 | 6,000 | 4,715 | 5,490 | 943,015 | KRW, 주 | | 2026-02-13 | 4,695 | 4,925 | 4,650 | 4,885 | 173,263 | KRW, 주 | | 2026-02-12 | 4,600 | 4,705 | 4,500 | 4,705 | 89,850 | KRW, 주 | | 2026-02-11 | 4,620 | 4,650 | 4,490 | 4,585 | 46,835 | KRW, 주 | | 2026-02-10 | 4,580 | 4,650 | 4,470 | 4,620 | 43,141 | KRW, 주 | - 2월 중순 이후 주가가 상승하는 모습을 보이며, 2월 19"
2026-02-19 12:58:14,ibks,b443a14f-8cd1-4fe2-90dd-946ba5035054,lDK4mJkIRQfdaJVr8GPOT+5lyTsAbHIdeUU+gXwAZPPVmkijimodxeZJkjmNxSzzWifgr9eqpJwn1621bn5UaQ==,comprehensive_analysis,FINAL,,"market,stock",8890.0,SK네트웍스(001740)를 종합적으로 분석해줘,"**SK네트웍스(001740) 종합 분석** --- **1. 최근 주요 주가 및 목표 주가 현황**   - 2026년 1월 말 기준 SK네트웍스의 주가가 4,695원에서 4,835원 사이에 형성되어 있음.   - 애널리스트 목표 주가는 일관되게 7,000원으로 설정되어 있음(2026-01-24 ~ 2026-01-31 기준).   - 애널리스트 평가 평균 점수는 2.00으로, ‘매수(Buy)’ 의견이 유지되고 있음.   --- **2. 최근 주요 재무 지표 (2023 - 2025년)** | 재무지표   | 2023년 (단위: 억원, KRW) | 2024년 (단위: 억원, KRW) | 2025년 (단위: 억원, KRW) | |------------|--------------------------|--------------------------|--------------------------| | 매출       | 74,535                   | 76,573                   | 68,402                   | | 영업이익   | 805                      | 1,139                    | 1,086                    | | 순이익     | 55                       | 463                      | 509                      | | PER        | -1933.55                 | 19.43                    | 20.97                    | | PBR        | 0.54                     | 0.39                     | 0.49                     | | EPS        | -3.00                    | 214.00                   | 242.00  "
2026-02-19 12:15:16,ibks,b4811c58-f2ad-4152-ad19-914dc79883dc,721fS3L/Hkm9y/KgyreehK3VKYKcm9YM8F91KQWl01UXQHMqtVXh87n9JX4tO2SV878ua59QuabQe1BJ5E+fsA==,financial,FINAL,,"market,stock",3825.0,기아26년실적,"**기아(종목코드 000270)의 2026년 실적 관련 데이터** 현재 제공된 데이터 내에는 2026년의 구체적인 재무 지표나 실적 데이터가 포함되어 있지 않습니다. 따라서 2026년 실적 수치를 직접 제공하기는 어렵습니다. 다만, 2023년부터 2025년까지의 실적 추이를 참고하면 매출은 꾸준히 증가하는 반면, 2025년에는 영업이익과 순이익, EPS가 다소 감소하는 모습을 보이고 있습니다. 2026년 실적에 대한 공식 발표나 추가 자료가 공개되는 시점에 더 정확한 분석이 가능할 것입니다."
2026-02-19 12:00:11,ibks,340c8231-df51-401e-91a8-845db7fde11d,EL9fG1iwDzv2zfcffYBAp2Sr7UxzEjC1Wne5dVPkUmgVgsRQAe6Av7dnJe95u5RT95Q+9tmiNELiRa9LqlTVGQ==,simple_name,FINAL,,"market,stock",3335.0,화신목표가,"**사용자 질문에 대한 직접적 답변**   - 화신(종목코드 010690, KOSPI)의 목표주가 정보는 제공된 데이터 내에 없습니다.   - 다만 2026년 1월 말 기준 EPS(주당순이익) 추정치는 다음과 같습니다. | 구분       | 기간/기준일           | EPS 평균    | 단위/통화  | |----------|------------------|------------|---------| | 분기 예상 | 2026-01-24 - 2026-01-31 | 726.00     | KRW     | | 연간 예상 | 2026-01-24 - 2026-01-31 | 3,203.50   | KRW     |"
2026-02-19 11:59:45,ibks,340c8231-df51-401e-91a8-845db7fde11d,EL9fG1iwDzv2zfcffYBAp2Sr7UxzEjC1Wne5dVPkUmgVgsRQAe6Av7dnJe95u5RT95Q+9tmiNELiRa9LqlTVGQ==,simple_name,FINAL,,"market,stock",2304.0,에너토크목표가,"**사용자 질문에 대한 직접적 답변**   - 에너토크(종목코드 019990, KOSDAQ)의 목표주가 정보는 현재 제공된 데이터 내에 없습니다.   - 관련된 애널리스트 리포트나 공식 발표가 없으므로, 목표주가 확인을 위해서는 향후 공식 자료나 증권사 리포트를 참고할 필요가 있습니다."
2026-02-19 11:45:17,ibks,e76a9f36-06af-4faa-b783-6acc331a0da7,jEPB8Cfux95XxwBKRehd8Tv1a+Zph1jsZiq+oqW8KBYUFEWx99AhDdR0ULBHGvuA821WbkFrVWgHjgd+bZtayA==,simple_name,FINAL,,"market,stock",3049.0,대신증권목표가,"**대신증권(003540) 목표주가 관련 정보**   - 제공된 데이터 내에서 대신증권(003540.KS)의 목표주가 관련 정보는 없습니다.   - 대신증권에 대한 최근 애널리스트 목표가나 투자 의견 데이터가 확인되지 않은 상태입니다.   **대신증권(003540.KS) EPS 추정치 (2026년 1월 기준)** | 구분      | 기준일       | 기간   | EPS (추정)     | 단위        | |----------|--------------|-------|----------------|-------------| | EPS 평균 | 2026-01-24~31 | 분기  | 3,196.00       | KRW         | | EPS 평균 | 2026-01-24~31 | 연간  | 10,121.00      | KRW         | - EPS(주당순이익) 추정치는 2026년 1월 기준으로 분기 3,196원, 연간 10,121원으로 일관되게 유지되고 있습니다. 목표주가 정보는 최신 증권사 리포트나 IBK투자증권 홈페이지 등 정식 채널에서 확인하는 것이 필요합니다."
2026-02-19 11:26:06,ibks,5f7666e4-962d-4f88-be96-32812e179834,L8NjWS5mr1t+jbkzL7F+zFcjyF4wQzpZ/DjSWODgIIDqq7upV+4T+hBMObBmOArpx3MhsoxxImSHFlfvEI6m4g==,other,FINAL,,"market,stock",2495.0,금양 거래 중단 사유에 대해 알 수 있을까요?,"**금양(001570) 거래 중단 사유에 대한 답변** 제공된 데이터 내에는 금양의 거래 중단 사유에 관한 구체적인 정보가 포함되어 있지 않습니다. 다만, 금양은 현재 거래가 중단된 상태임이 명확히 확인됩니다.   추가적인 거래 중단 사유는 관련 공시나 감독기관의 발표 자료를 참조하셔야 합니다."
2026-02-19 10:51:49,ibks,cd6136cc-7250-4a03-8317-ea641949eff6,5Bhn4f4wqVVqPwo+PHVYOZmzVOwOQN2yEHKxyV+bHbqgvziuHMZMXP7mR+edCt92NznbCumstdEP0GKZh5HpRA==,analyst,FINAL,,"market,stock",4478.0,신성이엔지 EPS 추이와 애널리스트 전망은 어떻게 되나요?,"**신성이엔지(011930) EPS 추이 및 애널리스트 전망** --- **EPS 추이**   - 2023년 EPS는 79.00원으로 집계되었습니다.   - 2024년 EPS는 -68.00원으로 마이너스 전환하였습니다.   - 2025년~2026년 연간 EPS 추정치는 262.00원으로 동일하게 예상되고 있습니다(2026-01-24 ~ 2026-01-31 기준). | 구분    | 기간           | EPS (원)    | |---------|----------------|-------------| | 실적    | 2023년         | 79.00       | | 실적    | 2024년         | -68.00      | | 전망    | 2026년 (추정)  | 262.00      | --- **애널리스트 전망**   - 2026년 연간 EPS에 대해 애널리스트들은 모두 262.00원으로 일치된 예상치를 제시하고 있습니다(2026년 1월말 기준 여러 데이터가 동일).   - 분기별 EPS 추정치는 별도로 제공되지 않아, 연간 단위 추정치 중심으로 분석됩니다.   - 애널리스트들의 EPS 전망은 2024년 마이너스 실적에서 2026년 크게 회복할 것으로 기대되는 점을 반영합니다. --- 요약하면, 신성이엔지의 EPS는 2024년에 -68원으로 적자를 기록했으나, 2026년에는 262원 수준으로 크게 개선될 것으로 예상되고 있습니다. 애널리스트들의 올해 이후 EPS 전망이 일관되게 긍정적인 회복세를 시사하고 있습니다."
2026-02-19 09:37:13,ibks,e7816878-42f3-4317-ae8f-4b84279e8676,mau2I2lBAUo7caZDtnb%2BIqCtELctEPVFOHyc%2B6K7jBOGmwl0177arjzP7m5ZCOTcarCGnqZQxIZUrRci3%2Fkcag%3D%3D,analyst,FINAL,,"market,stock",4728.0,한미반도체 EPS 전망과 애널리스트 의견은 어때요?,"**한미반도체(042700) EPS 전망 및 애널리스트 의견** --- **EPS 전망** - 2026년 연간 EPS 추정치는 3,158.57 - 7,045.56 KRW 범위이며, 평균치는 약 5,329.71 KRW로 나타납니다.   - 분기별 EPS 예상치는 1,114.97 - 1,794.76 KRW 사이이며, 평균은 약 1,457.92 KRW입니다.   - 이는 2025년 EPS 2,959 KRW 대비 크게 상승할 가능성을 시사합니다. **애널리스트 의견** - 제공된 데이터 내에서는 한미반도체에 대한 구체적인 애널리스트 평점(매수·중립·매도)이나 목표주가 데이터는 포함되어 있지 않습니다.   - 다만, 다양한 증권사에서 일부 이례적으로 수익성 개선을 긍정적으로 보고 있으며, 신기술 도입과 투자 확대로 EPS가 상승할 것으로 기대하는 전망이 반영된 것으로 보입니다. --- 요약하면, 한미반도체의 EPS는 2026년 큰 폭으로 개선될 가능성이 보이며, 애널리스트들의 세부 평가는 공개된 데이터상 없으나 수익성 개선 기대가 반영된 점이 확인됩니다."
2026-02-19 09:02:24,ibks,7a81e9ab-079e-4710-96d3-c0fc677f898e,nECPgpo9ruopSC3IDU83uNBlAOW+zWvLQN3Jlc/IMauzxU32sH3u045BZVsGFA+C4KhTrSEINe5QeFuDcroEOA==,analyst,FINAL,,"market,stock",3365.0,Snt에너지목표주가,"SNT에너지(종목코드: 100840)의 목표주가에 관한 데이터는 제공된 자료 내에 없습니다.  제공된 정보에는 애널리스트 목표주가 데이터가 포함되어 있지 않으므로, 목표주가 관련 구체적인 수치는 확인 불가합니다."
2026-02-19 08:35:15,ibks,13b54eb0-c79c-435a-ae45-34f3c91c7fde,t2PWkZTl3iwhq23O9zpUHHLebxlYonGWqPen2caTZeDd7XioGmIUwPT3qZkjQQIR3BgOs0jadOcVcmiWzIccNQ==,analyst,FINAL,,"market,stock",3737.0,한미반도체 목표주가,"한미반도체(042700)의 목표주가 관련 데이터는 제공된 자료에 포함되어 있지 않습니다. 제공된 데이터에서는 목표주가(price target) 정보가 없으며, 증권사 애널리스트의 평점(analyst rating) 데이터 역시 확인되지 않습니다. 다만, EPS(주당순이익) 추정치는 다음과 같이 집계되어 있습니다. | 구분    | 기간    | EPS(추정, 평균)   | 단위  | |---------|---------|-------------------|-------| | 연간    | 2026년 1월 말 기준 | 5,330 ~ 7,046 (평균 5,330~5,506 수준 변동) | KRW | | 분기    | 2026년 1월 말 기준 | 1,115 ~ 1,795 (평균 약 1,458)             | KRW | 목표주가 산출에 활용되는 예상 수익성의 기본 지표인 EPS는 연간 5,300원대 중후반으로 추정되고 있으나, 구체적인 목표주가 수치는 확인되지 않습니다. 따라서, 한미반도체의 목표주가를 파악하려면 증권사 리포트나 공식 애널리스트 코멘트를 참고하시길 권장합니다."
2026-02-19 08:34:26,ibks,d537568a-c086-4119-bd48-961fb23ae272,xq9H489SXrc7TH6J90wK53zMwbffQDQugMZrZKalQ0LAOdvA8P9Ey+7xBgmh6p8OvuuJuhV4nnUv9seDrbhh2A==,analyst,FINAL,,"market,stock",4992.0,대한해운 EPS 전망과 애널리스트 의견은 어때요?,"**대한해운(005880) EPS 전망 및 애널리스트 의견** - 대한해운의 EPS(주당순이익) 추정치는 2026년 연간 기준으로 평균 약 822원, 최저 792원에서 최고 857원 구간에 형성되어 있습니다. 분기별로 보면 2026년 1분기 EPS는 평균 164원, 최저 97원에서 최고 281원 사이로 예상됩니다. (2026-01-31 기준) - 애널리스트 평가 데이터는 별도로 수집되지 않아 구체적인 등급이나 의견은 제공되지 않고 있습니다. - 과거 실적으로는 2023년 214원, 2024년 507원, 2025년 601원으로 꾸준한 EPS 성장세가 관찰되며, 2026년에도 이 추세가 이어질 가능성이 있습니다. 요약하면, 대한해운은 최근 EPS가 꾸준히 상승해왔으며, 2026년에도 긍정적인 이익 성장 전망이 제시되고 있으나, 개별 애널리스트 의견 데이터는 아직 제공되지 않은 상태입니다."
2026-02-19 07:05:38,ibks,15cb362c-98d2-45b6-bfb7-99cbf8e73051,ex6zF5tTYFvnYyg2+FYtXtDGUsiDw95ZjKLtMi98eYQqesWrsg6X7j+0AizSbyjtlP8M+yXGFfGetiZCPHVrPw==,financial,FINAL,,"market,stock",3549.0,대림바스 최근 배당락일은 언제였나요?,"대림바스(005750)의 최근 배당락일에 관한 정보는 제공된 데이터 내에 포함되어 있지 않습니다.   배당락일은 회사의 공식 공시나 한국거래소(KRX) 공시에서 확인하실 수 있으니, 해당 자료를 참고하시는 것을 권장드립니다."
2026-02-19 07:05:25,ibks,15cb362c-98d2-45b6-bfb7-99cbf8e73051,ex6zF5tTYFvnYyg2+FYtXtDGUsiDw95ZjKLtMi98eYQqesWrsg6X7j+0AizSbyjtlP8M+yXGFfGetiZCPHVrPw==,financial,FINAL,,"market,stock",3602.0,배당락 날짜,"**배당락 날짜에 대한 직접적 답변**   제공된 데이터 내에는 대림바스(005750)의 구체적인 배당락 날짜 정보가 포함되어 있지 않습니다.   배당락일은 통상적으로 회사 공시나 증권거래소 공지를 통해 확인할 수 있으므로, 해당 날짜가 필요할 경우 한국거래소(KRX) 공시 또는 회사의 IR 자료를 참고하는 것이 적합합니다.   필요시 추가적인 공식 공시 정보를 검토하실 것을 권고드립니다."
2026-02-19 06:06:09,ibks,13c218ed-35e1-44e5-862e-e02392ebd620,WysHKUbQjInyGdu0N7mSMLU8KVLYKoEZoPNiov2gUHsClhI9QUK1VFIpMP6hisY2pREJibh8BYdBaX2dKY5Seg==,etf_fund,FINAL,,"market,stock",3347.0,아크릴 포함된 ETF는 어떤 게 있나요?,**아크릴(0007C0)이 포함된 ETF 리스트** 현재 제공된 데이터 기준으로 아크릴(0007C0)이 포함된 ETF는 없습니다.   | ETF 이름 | ETF 심볼 | 지역 | 포트폴리오 비중(%) | |----------|----------|------|--------------------| | -        | -        | -    | -                  |
2026-02-19 06:05:58,ibks,c9f04ab5-bd69-4f15-b015-65233e0be7ae,RHDjQ3dcURSQHiRxRP2w8mRSdeCDAsO8NC/7QBO5TcBWkqpIs4CGZ2GH+hfnJNGiPSWTlSTPh42/qYuMyN6YAg==,comprehensive_analysis,FINAL,,"market,stock",8462.0,미래에셋증권(006800)를 종합적으로 분석해줘,"**미래에셋증권(006800) 종합 분석** --- **주요 재무 지표 (단위: 백만 KRW, 배당금 단위: KRW)** | 구분       | 2023       | 2024       | 2025       | |------------|------------|------------|------------| | 매출       | 203,566    | 222,342    | 197,570    | | 영업이익   | 5,210      | 11,881     | 15,005     | | 순이익     | 3,332      | 9,255      | 13,718     | | PER        | 18.01      | 6.54       | 25.22      | | PBR        | 0.42       | 0.39       | 2.17       | | EPS        | 424.00     | 1,229.00   | 1,904.00   | | BPS(Q4)    | 18,330     | 20,662     | 22,095     | | DPS(Q4)    | 150        | 250        | 445        | | 배당수익률(Q4) | 1.97%    | 3.11%      | -          | | 배당성향(Q4)  | 27.85%     | 15.91%     | -          | - **매출은 2024년에 소폭 증가했으나, 2025년에는 다소 감소하는 경향이 보임** - **영업이익과 순이익은 2023년에서 2025년까지 꾸준한 증가세를 나타냄** - **2025년 PBR 및 PER 지표가 다소 상승했으며, 배당금 또한 증가하였다** - 배당수익률은 2024년까지 제공되었으나 2025년 수치는 데이터 미제공 --- **주가 및 목표가 동향** - 2026년 1월 말 현재 주가: 약 40,850 KRW (2026-01-31 기준) - 목표주가는 26,000 KRW (최저)에서 37,000 KRW "
2026-02-19 05:53:07,ibks,e60fdd28-fc43-4abf-99dc-7aec5b923111,944yWYEgN4G7a5A3TX7PvITl74x4kKD1Uea3JUH0ySycu4TfCSVTR4sgkx5STkqrAX4NGuD/A1xLJOa4G7wKUA==,financial,FINAL,,"market,stock",3955.0,최근 비케이홀딩스 순이익 변동 원인은 뭔가요?,"비케이홀딩스(050090)의 최근 순이익 변동 원인에 대해서는 제공된 재무 데이터 내에서는 구체적인 원인 분석이나 상세 설명이 포함되어 있지 않습니다. **제공 데이터 요약:** - 순이익은 2023년 -44억 원에서 2024년 -20억 원으로 적자폭이 축소됨. - 매출은 2023년 113억 원에서 2024년 127억 원으로 소폭 증가. - 그러나 영업이익은 2023년 -7억 원에서 2024년 -20억 원으로 적자가 확대됨. - PER, EPS도 모두 음수 상태로 수익성 전반은 개선되지 않은 상태임. **종합적 해석 가능 범위** - 매출 증가에도 불구하고 영업이익 적자가 확대된 것은 판관비 증가, 원가 상승, 또는 일회성 비용 등 구조적 비용 요인일 가능성이 있으나, 구체 데이터는 없음. - 순이익 적자폭 축소는 영업외 손익 개선, 세금 효과, 기타 비경상적 요인 등으로 추정 가능하나 구체 내용 제공되지 않음. 따라서, **순이익 변동의 구체적 원인은 현재 제공된 재무 데이터 범위 내에서는 확인할 수 없으며, 상세 원인은 회사의 공식 보고서나 공시자료 등 추가 정보 확인이 필요**합니다."
2026-02-19 05:51:28,ibks,e60fdd28-fc43-4abf-99dc-7aec5b923111,944yWYEgN4G7a5A3TX7PvITl74x4kKD1Uea3JUH0ySycu4TfCSVTR4sgkx5STkqrAX4NGuD/A1xLJOa4G7wKUA==,comprehensive_analysis,FINAL,,"market,stock",4471.0,비케이홀딩스(050090)를 종합적으로 분석해줘,"**비케이홀딩스(050090) 재무 현황 (2023-2024)** | 재무지표    | 2023년       | 2024년       | 단위      | |----------|------------|------------|---------| | 매출       | ₩113       | ₩127       | 억 KRW   | | 영업이익    | ₩-7        | ₩-20       | 억 KRW   | | 순이익     | ₩-44       | ₩-20       | 억 KRW   | | PER       | -4.92      | -6.81      | 배수     | | PBR       | 1.26       | 0.91       | 배수     | | EPS       | -223.00    | -102.00    | 원       | | 부채비율    | 26.84      | 25.58      | %        | | BPS (분기) | ₩873       | ₩764       | 원       | - **매출은 2023년 대비 2024년에 약간 증가(₩113억 → ₩127억)** 했으나, 영업이익과 순이익 모두 적자가 확대되거나 적자 폭은 다소 축소되었음(영업이익: -7억 → -20억, 순이익: -44억 → -20억). - PER과 EPS가 모두 음수로, 수익성 측면에서는 적자 상태임이 확인됨. - 부채비율은 안정적인 수준(약 25~27%)으로 유지되고 있으나 ROE, 현금흐름 지표 등은 제공된 데이터에 없음. **주가 추이 (최근 5거래일, 2026년 2월 기준)** | 날짜      | 시가    | 고가    | 저가    | 종가    | 거래량     | |---------|-------|-------|-------|-------|----------| | 2026-02-13 | 794.00 | 799.00 | 559.00 | 605.00 | 1,143,254 | | 2026-02-12 | 783.00 | 819."
2026-02-19 04:57:34,ibks,3c1ad416-e86f-4b8d-80ab-cb39e757f784,OSQ7ZIU0fwZY49ZOvmL5pVv27SdYGkx4xVq6/lUlb+wMuUVSltIQ75t0K6sj1KRTk4qu7GkbjhcNXPrVQwvXIw==,comprehensive_analysis,FINAL,,"market,stock",7559.0,프로텍(053610)를 종합적으로 분석해줘,"**프로텍(053610) 종합 분석** --- **재무 데이터 (2023 - 2025년)** | 재무지표     | 2023년     | 2024년     | 2025년     | 단위      | |-------------|------------|------------|------------|-----------| | 매출        | ₩1,561     | ₩1,703     | ₩1,990     | 억 KRW    | | 영업이익    | ₩174       | ₩134       | ₩328       | 억 KRW    | | 순이익      | ₩171       | ₩127       | ₩244       | 억 KRW    | | PER         | 24.36      | 11.09      | 12.55      | 배        | | PBR         | 1.44       | 0.65       | 1.01       | 배        | | EPS         | 1,874.00   | 1,971.00   | 2,973.00   | 원        | | 부채비율    | 15.24      | 16.71      | -          | %         | | BPS(Q4)     | ₩31,733    | ₩33,802    | ₩37,044    | 원        | | DPS(Q4)     | ₩400       | ₩400       | ₩400       | 원        | | 배당수익률(Q4) | 0.88%    | 1.83%      | -          | %         | | 배당성향(Q4)   | 17.46%   | 16.61%     | -          | %         | - **매출액과 순이익이 2023년부터 2025년까지 증가하는 추세**를 보이고 있으며 특히 2025년 영업이익이 2배 이상 증가. - 2024년 PER이 크게 하락했다가 2025년에 소폭 상승하"
2026-02-19 04:42:59,ibks,b741f31f-597a-4c96-8ff8-bc564e23b09a,5jhNX4qLjUEMXb1orPgMXE7MAQ3wxKmGFNWDg02Ini/fvUuDIZFGU/2pqBflYBgpgS+rKnZz9JlYLmrugXwGgQ==,analyst,FINAL,,"market,stock",3576.0,대한전선 애널리스트 목표주가 현황은요?,**대한전선(001440) 애널리스트 목표주가 현황** - 제공된 데이터에 따르면 대한전선에 대한 애널리스트 목표주가 정보는 확인되지 않습니다.   - EPS 추정치와 일부 애널리스트 평가(매수/매도 의견 등)도 별도로 제공되지 않았습니다.   따라서 현재까지 수집된 자료 내에서는 대한전선의 애널리스트 목표주가 현황에 대한 구체적 수치나 정보가 없습니다.
2026-02-19 04:42:48,ibks,b741f31f-597a-4c96-8ff8-bc564e23b09a,5jhNX4qLjUEMXb1orPgMXE7MAQ3wxKmGFNWDg02Ini/fvUuDIZFGU/2pqBflYBgpgS+rKnZz9JlYLmrugXwGgQ==,analyst,FINAL,,"market,stock",4420.0,대한전선 EPS 전망과 애널리스트 의견은 어떻게 되나요?,"**대한전선(001440) EPS 전망 및 애널리스트 의견** - 2026년 연간 EPS 추정치는 700.6원에서 803.0원 사이이며, 평균치는 약 723.0원으로 제시되고 있습니다 (2026년 1월 말 기준). 이는 2025년 실제 EPS 374원 대비 크게 상승할 것으로 예상되는 수치입니다.   - 애널리스트 평가는 EPS 추정치 외 별도의 등급이나 매수/매도 의견 데이터는 제공되지 않았습니다.   즉, 2026년 대한전선의 EPS는 2025년 대비 개선될 전망이지만, 구체적인 애널리스트 리포트의 평가나 추천 의견은 현재 데이터에 포함되어 있지 않습니다."
2026-02-19 04:09:40,ibks,c0f4668b-7466-4c6d-b7ff-7b45ba7279b7,yaCb8aGyzHN2AXioeZyp/ktllJl61FZ5/6gvFqRNtenc/ZJm6Gp4AULMupVwdGsHHTjbl5LImGdC5wQy1uiXhg==,simple_name,FINAL,,"market,stock",7325.0,해성디에스,"**해성디에스(종목코드: 195870) 재무 데이터 (2023-2025년)** | 재무지표   | 2023년    | 2024년    | 2025년    | 단위      | |------------|-----------|-----------|-----------|-----------| | 매출       | ₩6,722    | ₩6,030    | ₩6,567    | 억 KRW    | | 영업이익   | ₩1,025    | ₩569      | ₩439      | 억 KRW    | | 순이익     | ₩844      | ₩587      | ₩317      | 억 KRW    | | PER        | 11.16     | 6.78      | 29.92     | 배        | | PBR        | 1.83      | 0.72      | 1.65      | 배        | | EPS        | 4,966.00  | 3,453.00  | 1,868.00  | 원        | | 부채비율   | 33.72     | 42.77     | -         | %         | | BPS(Q4)    | ₩30,297   | ₩32,722   | ₩33,924   | 원        | | DPS(Q4)    | ₩900      | ₩800      | ₩823      | 원        | | 배당수익률(Q4) | 1.62%  | 3.42%     | -         | %         | | 배당성향(Q4)   | 18.12% | 23.17%    | -         | %         | **최근 주요 뉴스 및 이슈**   - 해성디에스는 구조적 이익 개선 전망에 주가가 상승하는 움직임을 보였다. (이데일리, 2025-12-17 [링크](https://n.news.naver.com/mnews/article/018/0006184961))   - SK증권은 해성디에스의 예상보다 빠른 이익률 회복"
2026-02-19 03:29:44,ibks,11c2d974-a8b2-4e8a-9905-16084224527c,MhCr83SRNgkbOaCQeqWm8JVnXrDifS%2BPWWt3ys1CbuDcdOsq8tMijIUUYJXb9b9XLrY3qIMB4482RslPJEVkhQ%3D%3D,comprehensive_analysis,FINAL,,"etf,market",3777.0,HANARO증권고배당TOP3플러스(0111J0)를 종합적으로 분석해줘,"**HANARO증권고배당TOP3플러스(0111J0) 종합 분석** **1. 기본 정보**   - 종목코드: 0111J0   - 시장: KOSPI   - 종목명: HANARO증권고배당TOP3플러스   - 상장 상태: 거래 활성(활성 거래 중) **2. 최근 5일간 가격 정보 (KRW, 2026년 2월 기준)** | 날짜     | 시가     | 고가     | 저가     | 종가     | 거래량      | |----------|----------|----------|----------|----------|-------------| | 2026-02-13 | 16,740.00 | 18,055.00 | 16,400.00 | 17,545.00 | 1,500,031    | | 2026-02-12 | 16,020.00 | 16,350.00 | 15,890.00 | 16,130.00 | 338,577      | | 2026-02-11 | 15,770.00 | 15,790.00 | 15,385.00 | 15,505.00 | 276,352      | | 2026-02-10 | 15,635.00 | 16,090.00 | 15,380.00 | 15,710.00 | 312,800      | | 2026-02-09 | 15,050.00 | 15,855.00 | 14,850.00 | 15,385.00 | 1,688,386    | **3. 섹터 구성**   - 현재 해당 ETF의 공식 섹터별 비중 구성 데이터는 제공되지 않았습니다. **4. 종합 분석 요약**   - **가격 변동성**: 최근 5거래일 동안 거래량 변동 폭이 크고, 가격은 전반적으로 상승 흐름을 보이는 경향이 있습니다.   - **섹터 구성 부재**: 섹터별 비중 정보가 없으므로 구성 섹터별 리스크·기회 요인을 분석하기에는 제한적입니다.   - **투자 포지션 확인 시점**: 가격 흐름과 거래량 데이터를 참고해 투자 방향성 판단 시, 추가 정보가 필요할 수 있습니다.   해당 ETF는 한국 증"
2026-02-19 03:27:38,ibks,2a117b05-9f6b-4f81-b242-57021a2216eb,g+SUVJNyHOYpNLmyU8uWvrX8tmNGe4m8gz1Tj4HweMBZ7tqUBTPQOyKJc6pNUWopsDGTHReaoAF1aBJAdIQ1Bw==,sector_theme,FINAL,,"market,stock",2943.0,지아이에스가 속한 업종은 무엇인가요?,"**지아이에스(306620) 업종 정보**   - 제공된 데이터 내에는 지아이에스의 구체적인 업종 정보가 포함되어 있지 않습니다.   - 관련 뉴스나 공식 자료에 대한 추가 정보가 없으므로, 명확한 업종 분류는 확인이 어렵습니다.   - 일반적으로 KOSDAQ 상장 기업인 지아이에스는 IT 솔루션 또는 소프트웨어 개발 분야에 속하는 것으로 알려져 있으나, 이는 외부 확인이 필요합니다."
2026-02-19 03:27:14,ibks,2a117b05-9f6b-4f81-b242-57021a2216eb,g+SUVJNyHOYpNLmyU8uWvrX8tmNGe4m8gz1Tj4HweMBZ7tqUBTPQOyKJc6pNUWopsDGTHReaoAF1aBJAdIQ1Bw==,sector_theme,FINAL,,"market,stock",2812.0,업종은,"**지아이에스(306620) 업종 정보** - 제공된 데이터 내에는 지아이에스의 구체적인 업종 정보가 포함되어 있지 않습니다.   - 다만, 지아이에스는 KOSDAQ 시장에 상장된 기업으로 뉴스 및 일반적으로 알려진 바에 따르면 IT 관련 솔루션 또는 소프트웨어 개발 분야에 속하는 것으로 알려져 있습니다.   - 정확한 업종 분류는 별도의 공식 공시나 기업 자료 확인이 필요합니다."
2026-02-19 02:35:08,ibks,c136121b-ed7f-434b-a470-a8f03d72a4ff,zdqxLSQHtHTiQUf4PgozJqaL80YwL8rzoBnEWZK9GO9RIYrZiuCNPoPQUYKDb8h8aWnHStZ+a3uoruMaOFdrlg==,comprehensive_analysis,FINAL,,"market,stock",3799.0,TIGER 증권(157500)를 종합적으로 분석해줘,"**TIGER 증권(157500)에 대한 종합 분석** **사용자 질문에 대한 직접적 답변** - TIGER 증권(종목코드: 157500)은 KOSPI 시장에 상장된 ETF 관련 종목입니다. - 최근 19거래일간의 주가 데이터를 통해 주가 움직임을 일부 확인할 수 있습니다.  | 날짜       | 시가     | 고가     | 저가     | 종가     | 거래량       | |------------|----------|----------|----------|----------|--------------| | 2026-02-13 | 17,500.00 | 18,945.00 | 17,175.00 | 18,400.00 | 7,252,036    | | 2026-02-12 | 16,750.00 | 17,170.00 | 16,620.00 | 16,915.00 | 3,117,783    | | 2026-02-11 | 16,550.00 | 16,572.00 | 16,125.00 | 16,265.00 | 2,172,138    | | 2026-02-10 | 16,420.00 | 16,920.00 | 16,125.00 | 16,470.00 | 2,611,989    | | 2026-02-09 | 15,890.00 | 16,690.00 | 15,575.00 | 16,170.00 | 3,365,991    | - 해당 기간동안 가격 변동성과 거래량을 살펴보면 최근 며칠간 종가가 상승세를 보였으며, 거래량 역시 일부 상승일에 크게 증가하였습니다. **최근 주요 뉴스 및 이슈**   - 제공된 데이터 범위 내에서 특기할 만한 뉴스 및 이슈는 없습니다. **투자 키포인트** - 주가 데이터에서 볼 때 변동성이 존재하며, 거래량 증가일과 가격 상승이 동시에 관찰된 점이 특징입니다. - TIGER 증권은 ETF 상품과 관련되어 있어 전체 증권시장 및 ETF 시장의 동향과 직접적인 연관이 있을 가능성이 있습니다. - 규제 환경, 글로벌 및 국내 주식시장 움직임, ETF 시장"
2026-02-19 02:04:39,ibks,052e8b1a-a1e0-4d2a-9aea-f75cc3cebbe0,s2Y/OeEJ08dZz1UzU3UUGny4XKcRqSUSNj5zjmzS7vVznmqtVPX87glKNHx1h0nWWRYZnnHt7FyK3xUAXvzgIg==,other,FINAL,,"market,stock",39173.0,에이비프로바이오와 비슷한 거래량 특징 가진 종목은 뭐가 있나요?,"**에이비프로바이오(195990)와 유사한 거래량 특징을 가진 국내 종목 후보** 제공된 데이터 내에서 에이비프로바이오와 같이 거래량 변동성이 크고 단기간 내 거래량 급증 현상이 특징인 종목을 직접적으로 비교할 수 있는 구체적 거래량 데이터는 제한적입니다. 다만, 2026년 1월-2월 기준 주가가 52주 신고가를 경신하며 활발한 거래 움직임을 보인 일부 대표 종목들을 참고할 수 있습니다. | 종목코드 | 종목명      | 52주 최고가 (KRW) | 52주 신고가 경신일   | |--------|------------|------------------|--------------------| | 195990 | 에이비프로바이오 | 182 (추정)       | 2026-02-13~중순 (주요 변동기) | | 000660 | SK하이닉스    | 884,000          | 2026-01-29         | | 005930 | 삼성전자      | 166,600          | 2026-01-29         | | 357780 | 솔브레인      | 453,500          | 2026-01-29         | | 402340 | SK스퀘어     | 536,000          | 2026-01-29         | 이들 종목은 52주 신고가를 경신하면서 거래량 증가 현상이 일반적으로 동반될 가능성이 큽니다. 에이비프로바이오와 같이 특정 기간 내 거래량이 급증해 단기 주가 변동성이 확대되는 특징을 공유할 수 있습니다. --- **비고** - 제공 데이터는 에이비프로바이오의 거래량 상세 이력과 52주 신고가 경신 종목 리스트로 한정되어, 종목별 거래량 변동과 주가 변동 관계의 직접적인 비교는 불가합니다. - 실제 거래량 변동성 분석을 위해서는 각 종목별 일별 체결량 데이터가 필요하며, 본 데이터에는 포함되어 있지 않습니다. 요약하면, 에이비프로바이오와 유사하게 거래량 변동성이 크고 52주 신고가를 경신한 대형 반도체·바이"
2026-02-19 02:03:48,ibks,052e8b1a-a1e0-4d2a-9aea-f75cc3cebbe0,s2Y/OeEJ08dZz1UzU3UUGny4XKcRqSUSNj5zjmzS7vVznmqtVPX87glKNHx1h0nWWRYZnnHt7FyK3xUAXvzgIg==,stock_price,FINAL,,"market,stock",7893.0,에이비프로바이오 주가 변동 주요 원인은 뭔가요?,"**에이비프로바이오(195990) 주가 변동 주요 원인** - 2026년 1월 초, 에이비프로바이오는 ‘10대1’ 및 90% 무상감자를 결정하여 주가가 20% 이상 급락하는 충격이 발생했습니다. 이 같은 대규모 무상감자는 주주가치 희석 우려와 단기 변동성 확대에 중요한 영향을 미쳤습니다. (서울경제, 2026-01-06 [링크](https://n.news.naver.com/mnews/article/011/0004575210), 한국경제, 2026-01-06 [링크](https://www.hankyung.com/article/2026010637856)) - 미국 관계사 에이비프로 홀딩스가 나스닥 상장 유지 기간 연장 승인을 받고, 이를 기반으로 약 600억원 규모 자본 조달과 핵심 파이프라인 개발 집중을 발표한 점은 중장기 성장 모멘텀으로 작용할 수 있으나, 단기 주가 변동성에 미치는 영향은 제한적일 수 있습니다. (머니투데이, 2025-12-10 [링크](https://n.news.naver.com/mnews/article/008/0005289700)) - 2024년 말 미국 나스닥 SPAC 합병 완료 소식은 자금조달 기회 확대에 긍정적이지만, 이 역시 주가에는 일부 긍정 재료로 작용하는 수준입니다. (이데일리, 2024-12-16 [링크](https://n.news.naver.com/mnews/article/018/0005906865)) - 최근 주가 변동과 거래량 데이터를 종합하면, 대규모 거래량 발생 시(예: 2026년 2월 10일, 2월 13일) 주가 변동성이 크게 나타나고 조정 양상도 동반되어 시장 참여자들의 매도·매수 심리가 강하게 작용하는 것으로 보입니다. - 전반적으로, 에이비프로바이오의 주가 변동은 무상감자와 같은 기업 재무구조 조정, 미국 상장사 관련 이슈, 그리고 거래량 변동성 확대가 주요 원인인 것으로 판단됩니다.   - 그 외 외부 경제 상황, 바이오 산업 규제 및 경쟁 현황 등은 제공된 데이터에 포함되어 있지 않아 분석에서 "
2026-02-19 02:01:17,ibks,ac7a6785-da75-40cb-9bc3-efa8fe44dea8,wKCC4Zj3AhRO7T2CZTwf6B7fHit6ZA4tBHFKoSpSzSm/CG8mRrhCY4Fh1/EvrR90wfTxvhDLjM12XrvDl8RQhw==,forecast,FINAL,,"market,stock",3894.0,오늘예상가,"한미반도체(042700)의 오늘 예상 주가(예상가)는 제공된 데이터에 포함되어 있지 않습니다. 다만, 2026년 1월 말 기준 EPS 추정치는 다음과 같이 확인됩니다. | 구분           | 기간   | EPS 하단    | EPS 상단     | EPS 평균      | 단위  | |---------------|--------|-------------|--------------|--------------|--------| | 예상 EPS      | 연간   | 3,072.53    | 7,107.78     | 5,506.04     | KRW    | | 예상 EPS      | 분기   | 1,114.97    | 1,794.76     | 1,457.92     | KRW    | 이 EPS 추정치를 참고해 투자 판단에 참고할 수 있으나, 구체적인 오늘의 예상 주가 정보는 제공된 자료에 존재하지 않습니다."
2026-02-19 02:00:40,ibks,ac7a6785-da75-40cb-9bc3-efa8fe44dea8,wKCC4Zj3AhRO7T2CZTwf6B7fHit6ZA4tBHFKoSpSzSm/CG8mRrhCY4Fh1/EvrR90wfTxvhDLjM12XrvDl8RQhw==,forecast,FINAL,,"market,stock",3685.0,예상가,"한미반도체(042700)의 예상 주당순이익(EPS) 추정치는 2026년 1월 말 기준으로 다음과 같습니다. | 구분           | 기간   | EPS 하단    | EPS 상단     | EPS 평균      | 단위  | |---------------|--------|-------------|--------------|--------------|--------| | 예상 EPS      | 연간   | 3,072.53    | 7,107.78     | 5,506.04     | KRW    | | 예상 EPS      | 분기   | 1,114.97    | 1,794.76     | 1,457.92     | KRW    | (2026-01-31 기준) - 현재 제공된 데이터 내에 목표 주가(예상가) 관련 수치는 포함되어 있지 않습니다. - 다만 EPS 추정치 범위가 높게 형성되어 있어 회사의 수익성 개선 가능성은 엿볼 수 있습니다. 따라서 한미반도체의 예상 주가에 대한 구체적인 값이나 목표가는 제공된 데이터에 포함되어 있지 않으며, EPS 추정치를 참고할 수 있습니다."
2026-02-19 01:48:15,ibks,912f1bfd-f9b7-4ba5-a163-301919d276f4,FbYDglHi+GSLbKCwAYNzkkQPo7hZz8efwCmtoJsd4q/NPtkH6wRmSn9aCG0DqyGsU/uj6HYDZV1xLJNYZW99JQ==,analyst,FINAL,,"market,stock",4949.0,목표주가,"**에코프로(086520) 목표주가 현황** - 제공된 데이터 내에는 에코프로의 목표주가(Price Target) 관련 정보가 포함되어 있지 않습니다. - 따라서 목표주가에 관한 구체적인 수치나 애널리스트별 목표주가 업데이트 내용은 확인할 수 없습니다. 목표주가 관련 정보가 필요할 경우, 별도의 증권사 리포트나 공식 애널리스트 발표 자료를 참고하는 것이 필요합니다."
2026-02-19 01:47:43,ibks,912f1bfd-f9b7-4ba5-a163-301919d276f4,FbYDglHi+GSLbKCwAYNzkkQPo7hZz8efwCmtoJsd4q/NPtkH6wRmSn9aCG0DqyGsU/uj6HYDZV1xLJNYZW99JQ==,analyst,FINAL,,"market,stock",4835.0,최근 에코프로 애널리스트 의견 변화가 있나요?,"**에코프로(086520) 최근 애널리스트 의견 변화** - 제공된 데이터 내에 에코프로에 대한 최근 애널리스트 의견이나 등급 변화, 목표주가 업데이트 등의 정보는 포함되어 있지 않습니다. - 2026년 1월 말 기준 EPS 추정치 자료만 존재하며, 이 수치는 일관되게 2,183.80 KRW (연간)로 유지되고 있어, 애널리스트 사이에서 추정치에 큰 변동이 없음을 시사합니다. - 분석가들의 평가나 투자 의견 업데이트는 별도로 제공된 바 없으므로, 최근 애널리스트 의견 변화에 관한 구체적 정보는 제공이 어렵습니다."
2026-02-19 01:46:19,ibks,912f1bfd-f9b7-4ba5-a163-301919d276f4,FbYDglHi+GSLbKCwAYNzkkQPo7hZz8efwCmtoJsd4q/NPtkH6wRmSn9aCG0DqyGsU/uj6HYDZV1xLJNYZW99JQ==,financial,FINAL,,"market,stock",5704.0,에코프로 영업이익 적자 원인은 무엇인가요?,"**에코프로(086520) 영업이익 적자 원인** 제공된 데이터 내에 에코프로의 2024년 영업이익 적자 원인을 직접적으로 설명하는 구체적 내용은 없습니다. 다만, 관련 뉴스 및 재무 수치를 바탕으로 다음과 같이 유추할 수 있습니다. - 2024년 매출이 2023년 대비 절반 이상 감소(₩72,602백만원 → ₩31,279백만원)하면서 매출 기반 자체가 크게 위축됨 - 순이익도 적자 전환되어 (-₩2,954백만원), 영업이익 적자와 함께 전반적인 수익성 악화가 반영된 결과 - 부채비율이 100%를 상회하는 등 재무 부담이 존재하는 점이 비용 증가 또는 이자 부담 증가로 연결됐을 가능성 - 최근 뉴스에서 파생손실과 4400억 규모 풋옵션 등 재무 변수들이 상존함이 언급되어 (뉴스토마토, 2026-02-11 [링크](https://www.newstomato.com/ReadNews.aspx?no=1291015)) 비용 및 손실 확대 요인이 될 수 있음 요약하면, 에코프로의 영업이익 적자는 **매출 급감에 따른 수익 기반 약화와 파생상품 손실 등 재무적 변수의 영향에 기인한 것으로 판단**됩니다."
2026-02-19 01:23:53,ibks,78386598-97fd-428e-becc-c475759ed0bc,kl75CpCz50lWwx7ih0B65ZNHv+i/hXBI1LU6Q+OYv8+dtqXgA+OU+WC1w4+Mr8PvwcIuVFwXHHfbWMeuJyZHhQ==,comprehensive_analysis,FINAL,,"market,stock",8660.0,현대로템(064350)를 종합적으로 분석해줘,"**현대로템(064350) 종합 분석** --- **최근 주요 뉴스 및 이슈**   - 현대로템은 루마니아에서 70조 원 규모의 방산 및 철도 패키지 수주가 가속화되고 있습니다. (파이낸셜뉴스, 2026-02-12 [링크](https://www.fnnews.com/news/202602121828540011))   - 캐나다 에드먼턴 경전철 사업을 수주하며 약 3,200억 원 규모의 계약을 체결해, 현지 노후 철도 차량을 대체하는 현지 맞춤형 철도 차량 공급 사업을 진행 중입니다. (연합뉴스, 2026-02-04 [링크](https://www.yna.co.kr/view/AKR20260204084700003?input=2755m))   - 중동 최대 방산 전시회인 ‘WDS 2026’과 사우디 국제 방산 전시회에 참가하며 중동 방산 시장 공략을 강화하고 있습니다. (한국경제TV, 2026-02-09 [링크](https://www.wowtv.co.kr/NewsCenter/News/Read?articleId=A202602090073&t=RS))   --- **투자 키포인트**   - 방산 및 철도 부문의 대규모 해외 수주로 사업 성장과 수익성 개선 가능성이 있습니다.   - 2023년부터 2025년까지 매출과 영업이익이 꾸준히 증가하는 경향을 보이고 있음:     - 매출: 35,874억 KRW (2023) → 43,766억 KRW (2024) → 59,549억 KRW (2025)     - 영업이익: 2,100억 KRW (2023) → 4,566억 KRW (2024) → 10,558억 KRW (2025)   - 순이익도 동반 상승하여 2023년 1,568억 KRW에서 2025년 8,039억 KRW로 상승하는 구조임.   - 자기자본이 증가(2023년 BPS 15,391 KRW → 2025년 27,313 KRW)하는 가운데 부채비율은 2023년 218.25%에서 2024년 163.07%로 감소. 2025년 데이터 부재하지만 재무 건전성 개선 가능성 존재.   -"
2026-02-19 01:03:09,ibks,28419c49-5a4e-48a2-bf2a-b4a1c002f4b2,0hGclkw9vg8yMoFN2KB5ITqCbH2ooCvor545EoJ39Ar+mMEMrJSv00STyKe+LR5Q/6lQcGX5UWJjZri0CjlcPA==,comprehensive_analysis,FINAL,,"market,stock",7327.0,에이비엘바이오(298380)를 종합적으로 분석해줘,"**에이비엘바이오(298380) 종합 분석** --- **최근 주요 뉴스 및 이슈**   - 에이비엘바이오가 4-1BB 이중항체 관련 연구 결과를 국제학술지에 게재해 기존 단일항체의 한계를 극복한 점이 부각되고 있습니다. (서울경제, 2026-02-11 [링크](https://n.news.naver.com/mnews/article/011/0004589202))   - BBB 셔틀 ‘그랩바디-B’ 핵심기술에 대해 콜롬비아 특허를 확보하는 등 기술적 경쟁력을 강화하는 움직임이 이어지고 있습니다. (서울경제, 2026-02-10 [링크](https://n.news.naver.com/mnews/article/011/0004588617))   - IGF1R 항체 관련 콜롬비아 특허 등록 결정 등 연구·개발 분야에서 특허 확보가 지속되고 있습니다. (파이낸셜뉴스, 2026-02-09 [링크](https://www.fnnews.com/news/202602091828438803)) --- **투자 키포인트**   - **기술 경쟁력 강화**: 4-1BB 이중항체 논문 게재 및 BBB 셔틀 ‘그랩바디-B’ 핵심기술과 IGF1R 항체 관련 특허 확보로 독자 기술력을 확대 중임.   - **재무 실적과 손익 상황**: 최근 3개년 (2023-2025년) 매출은 증가세에 있으나, 아직 영업이익과 순이익은 적자 상태가 지속되고 있음.   - **재무 지표 현황**:     - 2025년 매출 1,104억 KRW (증가)     - 2025년 영업손실 -79억 KRW, 순손실 -67억 KRW     - 2025년 EPS는 -123.00 KRW로 마이너스 상태 유지     - 부채비율은 2025년에 음수로 되어 있음(자료 내 비정상치 가능성), 2024년 대비 변화가 크므로 세부 확인 필요   - **애널리스트 평가**: 2026년 1월 말 현재 애널리스트 1인 평가에서 ‘매수(2.00)’ 의견을 보이고 있음.   - **목표주가**: 2026년 1월 30~31일 기준 목표주가 "
2026-02-19 00:59:03,ibks,88a32637-2356-4f44-8d94-ca2faa11c283,3g5u+6mriOITGv+3A+baqpvSlYcFRTKIuiS9X1kh0GFuA2w5E3IWGtX/j3jVK+vaYgZLZUFFk/ggc3dGjDlgHQ==,comprehensive_analysis,FINAL,,"market,stock",5213.0,로보스타(090360)를 종합적으로 분석해줘,"**로보스타(090360) 종합 분석** --- **재무 현황 (2023 - 2024)** | 재무지표 | 2023 | 2024 | 단위/통화 | |---|---|---|---| | 매출 | ₩1,027 | ₩891 | 백만원 KRW | | 영업이익 | ₩11 | ₩1 | 백만원 KRW | | 순이익 | ₩7 | ₩22 | 백만원 KRW | | PER | 418.94 | 96.30 | 배 | | PBR | 3.23 | 2.32 | 배 | | EPS | 71.00 | 227.00 | KRW (주당순이익) | | 부채비율 | 28.88 | 22.40 | % | | BPS (분기 말) | ₩9,226 | ₩9,435 | KRW | - 2024년 매출이 2023년 대비 감소하였으며, 특히 영업이익이 큰 폭으로 줄어든 점이 확인됩니다. - 다만 순이익은 2024년에 개선되었고, EPS(주당순이익)도 크게 상승하였습니다. - PER와 PBR 모두 2024년에 낮아져 밸류에이션 부담이 일부 완화된 것을 볼 수 있습니다. - 부채비율은 안정적인 수준으로 20% 초중반대를 유지하고 있습니다. - BPS(주당순자산)는 소폭 상승하였으며, 재무 안정성이 꾸준함을 보여줍니다. --- **주가 동향 (최근 5거래일)** | 날짜 | 시가 | 고가 | 저가 | 종가 | 거래량 | |---|---|---|---|---|---| | 2026-02-13 | 79,800 | 80,100 | 77,500 | 78,000 | 98,450 | | 2026-02-12 | 84,800 | 84,800 | 81,100 | 81,100 | 99,168 | | 2026-02-11 | 80,200 | 84,500 | 78,100 | 82,800 | 198,623 | | 2026-02-10 | 81,700 | 84,900 | 79,600 | 80,300 | 142,015 | | 2026-02-09 | 77,100 | 80,100 | 77,000 | 78,500 | 81,459 | - 최근 5거래"
2026-02-19 00:58:59,ibks,be36c533-942b-4ca6-8dbf-5842f0b49dda,pqbzWkT5dINtnZ57cz4jrBLoUXnDAvm2zALaEiTRtKcNMELGSR/ks2jF3zMyJC1MebNcr9N66rJI2GKW4B4mPw==,comprehensive_analysis,FINAL,,"market,stock",6777.0,해성옵틱스(076610)를 종합적으로 분석해줘,"**해성옵틱스(076610) 종합 분석** --- **최근 주요 뉴스 및 이슈** - 해성옵틱스는 2026년 초까지 주가가 나흘 연속 상승하는 등 강세를 보였으며, 회사 측은 급등 관련 중요 정보가 없다고 공시했습니다. (이데일리, 2026-01-22 [링크](https://n.news.naver.com/mnews/article/018/0006205636)) - 2025년 12월, 폴디드 줌 시장에서 경쟁력 강화를 위한 OIS(손떨림 보정) 핵심 특허 2건을 확보해 글로벌 스마트폰 제조사들의 플래그십 모델 공급에 유리한 기술적 기반을 마련했습니다. (머니투데이, 2025-12-09 [링크](https://n.news.naver.com/mnews/article/008/0005289346)) - 2025년 11월에는 OIS 액추에이터 단일사업에서 창립 이래 최대 실적을 기록하는 등 4분기 턴어라운드가 가속화되고 있습니다. (머니투데이, 2025-12-05 [링크](https://n.news.naver.com/mnews/article/008/0005287781)) - 베트남 푸토공장을 기반으로 FPCB(플렉서블 인쇄회로기판) 사업에 본격 진출하며, 생산설비 증설에도 적극 투자하고 있습니다. (머니투데이, 2025-10-28 [링크](https://n.news.naver.com/mnews/article/008/0005269103), 블로터, 2025-09-15 [링크](https://www.bloter.net/news/articleView.html?idxno=644022)) --- **재무 현황 (2023-2024년 비교, 단위: 억 KRW)** | 재무지표         | 2023    | 2024     | |-----------------|---------|----------| | 매출             | 1,212   | 1,085    | | 영업이익         | 40      | -134     | | 순이익           | -2"
2026-02-19 00:57:29,ibks,0e5a7356-a8c1-4a80-984f-6e408989a437,ddUzcVH7CkrugeyP4zRG6ONZroH39vvXA0hy1aYYRtr3lvixZ33qTZiGyyh9mPTNotWbrUoZKG1sNE5EpIeJUQ==,simple_name,FINAL,,"market,stock",3544.0,RSI는,**아이씨디(040910)의 RSI 정보에 대한 답변** - 제공된 데이터 내에는 RSI(상대강도지수) 지표에 관한 정보가 포함되어 있지 않습니다. - 따라서 아이씨디의 RSI 수치나 관련 기술적 지표에 대한 분석은 현재 제공된 자료만으로는 불가능합니다. 필요 시 추가적인 기술적 지표 데이터 확보가 도움이 될 수 있습니다.
2026-02-19 00:52:51,ibks,06d35624-85fa-4c2a-a402-87db97221547,0s+mgB+4UUATZojcCAEvoBv4dPvrx8EAPfJlKBLFIzLqtMl16FL8DTOphmeaTPKQKknf6ipihykRM5cil2nqGw==,comprehensive_analysis,FINAL,,"market,stock",5971.0,한화갤러리아(452260)를 종합적으로 분석해줘,"**한화갤러리아(452260) 종합 분석** --- **최근 주요 재무 현황** (2024년 - 2025년 기준) | 재무지표   | 2024 (단위: 억 KRW) | 2025 (단위: 억 KRW) | |------------|--------------------|--------------------| | 매출       | 4,345              | 5,383              | | 영업이익   | 98                 | 31                 | | 순이익     | -301               | -188               | | PER        | -7.42              | -11.42             | | PBR        | 0.32               | 0.27               | | EPS        | -183.00            | -96.00             | | 부채비율   | 123.86             | 135.23             | | BPS(Q4)    | ₩4,213             | ₩4,080             | - **매출은 증가**했으나, 영업이익과 순이익은 모두 적자 지속(2024년 대비 영업이익과 순이익 모두 개선되었으나 여전히 적자). - PER 지표는 마이너스이며, EPS 역시 적자를 나타냄. - 부채비율은 상승 추세로 2025년 135.23%까지 증가하여 재무 건전성에 부담이 있을 수 있음. - BPS는 소폭 하락하면서 자본총계가 약간 축소된 것으로 보임. --- **최근 주가 동향 (2026-02-13 기준, 최근 5거래일)** | 날짜       | 시가    | 고가    | 저가    | 종가    | 거래량        | |------------|---------|---------|---------|---------|--------------| | 2026-"
2026-02-19 00:40:34,ibks,346173c3-e5a4-443e-ab62-c25e4992e1ec,E67WRglBOALppBrONGUugTgC+l2U2h3Dcx9gjOwY4RaV9RYkIaUqwzhSsU+QHYFdAhCvfCoavuQaanB03FllbQ==,comprehensive_analysis,FINAL,,"market,stock",6861.0,SK텔레콤(017670)를 종합적으로 분석해줘,SK텔레콤(017670)에 대한 제공된 데이터가 없으므로 분석을 제공하기 어렵습니다.   대신 SK(034730)에 대한 데이터는 있습니다. 추가 질문이 있으면 알려주시기 바랍니다.
2026-02-18 23:53:03,ibks,5723aba8-fe6c-48fc-9377-3cc77fd96487,BOEjorl0Cz6uLzSDqvyjM3088BNG2YuBZi5SuXSHaN0GMCCCfwmsBNt9YjXWydAnBdoDe2d0FXFF89Esh/a90g==,comprehensive_analysis,FINAL,,"market,stock",7811.0,아이센스(099190)를 종합적으로 분석해줘,"**아이센스(099190) 종합 분석** --- **최근 주요 뉴스 및 이슈** - 아이센스는 최근 연속혈당측정기(CGM) 분야에서 활발한 움직임을 보이고 있습니다. 특히 차세대 CGM ‘케어센스 에어 2’의 식약처 허가 신청과 소아·청소년 대상 확증 임상 완료 및 착수 소식이 있습니다. (이투데이, 2026-01-22 [링크](https://www.etoday.co.kr/news/view/2548131), 이데일리, 2025-12-22 [링크](https://n.news.naver.com/mnews/article/018/0006187614), 전자신문, 2025-12-10 [링크](https://www.etnews.com/20251210000084)) - CGM 사업 부문에서 올해 목표치를 초과달성할 전망이라는 보도도 있었습니다. (서울경제, 2025-11-04 [링크](https://n.news.naver.com/mnews/article/011/0004551522)) - 2025년 3분기 연결 기준 영업이익은 10억원으로 전년 동기 대비 73.4% 감소했으며, 순손실 5억 5천만원 기록(연합뉴스, 2025-10-31 [링크](https://www.yna.co.kr/view/AKR20251031135300527?input=2755m)) - 동아에스티와 케어센스 에어 전문가용 판매 계약 체결 소식도 있습니다. (연합뉴스, 2025-10-21 [링크](https://www.yna.co.kr/view/AKR20251021118200017?input=2755m)) --- **주요 재무 데이터 (KRW, 단위: 억원, 지표는 연도별)** | 재무지표   | 2023     | 2024     | 2025     | |------------|----------|----------|----------| | 매출       | 2,651    | 2,911    | 3,180    | | 영업이익   | 109      | 27       | 100     "
2026-02-18 23:38:48,ibks,d80f5e64-7835-4f6a-897d-86642298e70c,GLE5cIC5M22yzVcuRYJ9FxedbDsU5YyBYhAs3cZlh6a4NJOFmZu8rf4HGPoCMAFIxoOEWiHqgFyzzolU+QdBQg==,stock_price,FINAL,,"market,stock",4437.0,매각 후 이브이첨단소재 주가 반응은 어땠나요?,"**매각 후 이브이첨단소재(131400) 주가 반응**   - 2026년 1월 19일 자회사 에쓰씨엔지니어링 경영권 매각 소식 발표 후, 이브이첨단소재 주가는 약 13%대 상승하는 반응을 보였습니다.   - 이는 투자자들이 재무 건전성 강화 계획에 긍정적으로 반응한 결과로 해석됩니다.   ※ 구체적인 일별 시세 수치는 제공된 데이터에 포함되어 있지 않습니다."
2026-02-18 22:17:04,ibks,22d5cc85-a3dd-4f93-81d1-5d2c1989157a,LySduh0+S1eeojzBafGcQLF4STX72Sh6twI5ZNWrlZD1FY3JYcoyacMOrg2ZZYU8Ix5qsXrKbphxRIdAJi5LvQ==,comprehensive_analysis,FINAL,,"market,stock",7331.0,에코프로(086520)를 종합적으로 분석해줘,"**에코프로(086520) 종합 분석** --- **1. 재무 현황 (2023 - 2024년 비교)** | 재무지표   | 2023년 (단위: 백만원, KRW) | 2024년 (단위: 백만원, KRW) | |----------|--------------------|--------------------| | 매출        | 72,602             | 31,279             | | 영업이익     | 2,982              | -2,930             | | 순이익       | 1,353              | -2,954             | | PER        | 336.78             | -37.19             | | PBR        | 10.21              | 4.73               | | EPS        | 377.00             | -1,517.00          | | 부채비율     | 116.77%            | 112.02%            | | BPS(Q4)    | ₩12,429            | ₩11,934            | | DPS(Q4)    | -                  | ₩98                | | 배당수익률(Q4) | -                  | 0.17%              | | 배당성향(Q4)  | -                  | -6.40%             | - 2024년 들어 매출과 이익 모두 크게 감소하며 영업이익과 순이익이 적자 전환됨. - PER은 2023년 고평가 상태를 나타내며, 2024년은 적자 탓에 음수로 전환됨. - 부채비율은 다소 낮아졌지만 여전히 100% 이상으로 자본에 대한 부채 부담이 존재. - 배당금 지급이 새로 발생하였으나 배당성향은 마이너스 기록, 배당 정책과 현금 흐름에 대해 추가 모니터링 필"
2026-02-18 17:53:33,ibks,fa5b150f-4a8f-4c71-b6e0-8b82ef73e182,HehjT44EsLMJ/dDn63seowpZv7PPtpadCYOJtccmQ1rzC5CPisHXC0TLHrlXwfU0Ay99Tupxl/VL9pPJO2HvEw==,simple_name,FINAL,,"market,theme",14210.0,철광,"**사용자 질문에 대한 직접적 답변**   제공된 데이터 범위 내에서는 철광석(철광) 관련 ETF 목록이 별도로 확인되지 않습니다. 철광 관련 ETF가 목록에 포함되어 있지 않으므로, 철광에 특화된 ETF 정보는 제공할 수 없습니다. 철광과 관련된 농산물, 구리, 전기차, AI, 자율주행, 금, 원유, 반도체, 리츠, 배당, ESG 등 다양한 테마 ETF는 확인되나, 철광석 테마로 분류된 ETF는 없습니다."
2026-02-18 17:34:08,ibks,3a97ce5d-4d8f-460f-b405-7615cdc7c6ea,+whFC9RIooWOglGemNMBMy5XUzxVu81ZqdoxaZpdKzwplT/bCWfQaYHjMiaUItLGZARi1H9FRyiDrRJNpzvZ3g==,forecast,FINAL,,"market,stock",4932.0,대덕전자 올해 영업이익 전망은 어떤가요?,"**대덕전자(353200) 영업이익 전망** 제공된 데이터에는 2026년 영업이익에 대한 구체적인 수치나 전망치는 포함되어 있지 않습니다. 다만 다음과 같은 관련 정보를 참고할 수 있습니다. - 2023년부터 2025년까지의 영업이익은 다음과 같습니다.   | 연도  | 영업이익 (KRW 백만) | |-------|---------------------| | 2023년 | ₩237억             | | 2024년 | ₩113억             | | 2025년 | ₩472억             | - 2025년에 영업이익이 크게 개선되어 흑자 전환에 성공하였으며, 2026년에는 반도체 호황 및 FCBGA, PKG 제품군 수요 증가에 힘입어 실적이 더욱 개선될 것으로 증권사들이 전망하고 있습니다.   - 증권사들이 최근 목표주가를 크게 상향 조정하는 등 긍정적 시장 전망이 반영되어, 2026년 영업이익도 2025년 수준보다 상승할 가능성이 높습니다. 따라서, 2026년 영업이익은 2025년의 ₩472억보다 더 높아질 것으로 기대되나, 구체적인 수치를 제공한 공식 전망 데이터는 아직 제공되지 않았음을 알려드립니다."
2026-02-18 17:14:55,ibks,c14d578c-2299-4d81-9c01-8275ff3ef6d8,2pWb2inOqwF+qrCv/O4JuMnZskauZg0DyTP22Di6nxQYs4QbIPQBDR3RuD93x2p63j++n4oN3mmUFpdH5hnucA==,financial,FINAL,,"market,stock",5060.0,유엔젤 1분기 실적 주요 내용 알려주세요.,"**유엔젤(종목코드: 072130) 2024년 1분기 실적 주요 내용** - 제공된 데이터는 2024년 연간 재무정보를 포함하고 있으나, 1분기(분기별) 상세 실적 데이터는 없습니다.   - 연간 매출과 이익 중심으로 보면 2023년 대비 2024년에 전반적인 실적 개선이 뚜렷합니다.   | 재무지표    | 2023년 (연간, 단위: 억원) | 2024년 (연간, 단위: 억원) | |-------------|--------------------------|--------------------------| | 매출        | ₩366억                   | ₩530억                   | | 영업이익    | ₩-18억 (적자)             | ₩8억                     | | 순이익      | ₩14억                    | ₩36억                    | | PER         | 33.13                    | 21.81                    | | PBR         | 0.79                     | 1.24                     | | EPS         | 109                      | 277                      | | 부채비율    | 14.81%                   | 18.62%                   | | BPS (분기말)| ₩4,588                   | ₩4,864                   | | DPS (분기말)| -                        | ₩70                      | | 배당수익률  | -                        | 1.16%                    | | 배당성향    | -                        | 23.6"
2026-02-18 17:12:46,ibks,c14d578c-2299-4d81-9c01-8275ff3ef6d8,2pWb2inOqwF+qrCv/O4JuMnZskauZg0DyTP22Di6nxQYs4QbIPQBDR3RuD93x2p63j++n4oN3mmUFpdH5hnucA==,trading,FINAL,,"market,stock",3621.0,이루온 기관 순매도 이유가 뭔가요?,"**이루온(065440) 기관 순매도 이유** - 제공된 데이터 내에는 기관의 순매도 배경이나 이유에 대한 구체적 설명이 포함되어 있지 않습니다. - 최근 한 달간 기관은 5.4만주를 순매도했으나, 외국인과 개인이 각각 30.2만주 순매수, 25.0만주 순매도라는 매매 패턴이 관찰되고 있습니다. - 추가로, 외국인의 대량 순매수와 유엔젤과의 전략적 제휴 등 긍정적 이슈가 있어 기관 매도세의 구체적 원인으로 실적 부진, 정책 변화, 내부 전략 조정 등은 확인되지 않습니다. 결론적으로, 제공된 정보만으로 기관의 순매도 이유는 파악이 어렵습니다."
2026-02-18 16:46:57,ibks,cef6929e-646d-4cc6-92b7-7cef8bbe9a2a,iXgowXr4Nc/nJLfp/j4e/ax++jz1JYlwJcs1CRvuYbZfVSiH1wp2xFelWUzhu5Pk8Mx2v0Tplv0ck3Xr3Ptk4g==,comprehensive_analysis,FINAL,,"market,stock",7753.0,한화생명(088350)를 종합적으로 분석해줘,"**한화생명(088350) 종합 분석** --- **1. 최근 주가 및 목표가 동향**   - 2026년 1월 말 기준 주가는 약 3,570 KRW 내외에서 형성됨   - 애널리스트 목표주가는 3,600 KRW로 일관되게 제시되고 있음(2026-01-24 ~ 2026-01-31)   - 애널리스트 의견은 모두 ‘매수(BUY)’ 1건으로 단순하나 강한 매수추천은 없는 상태임 **2. 주요 재무 지표 (KRW, 단위: 억원, 원, %)** | 구분       | 2023       | 2024       | 2025 (잠정)  | |------------|------------|------------|-------------| | 매출       | 227,824    | 245,852    | -           | | 영업이익   | 10,570     | 10,970     | 4,810       | | 순이익     | 8,260      | 8,660      | 3,810       | | PER        | 3.24       | 2.90       | -           | | PBR        | 0.16       | 0.16       | -           | | EPS        | 873        | 849        | -           | | 부채비율   | 855.74     | 1,021.63   | -           | | BPS(Q4)    | 17,352     | 15,697     | -           | | DPS(Q4)    | 150        | -          | -           | | 배당수익률(Q4)| 5.30%   | -          | -           | | 배당성향(Q4)| 14.86%    | -          | -           | - 2023-2024년 매출 및 영업이익은 소폭 증가했으나 2025년 영업이익 및 순이익은 감소 추세   -"
2026-02-18 15:11:55,ibks,a3f64301-0232-4ec8-a3e5-25320fd4912a,B+HssWJzxHaRFuilD0g3S1Qf7Uqxgtd+dyGImMhcoW+RBASP8dvM+bVYA5Z3kVrHst7su4Bpd332cKLsCl1Hdw==,sector_theme,FINAL,,"market,stock",40740.0,SK이터닉스와 같은 섹터 종목 거래량 비교 가능할까요?,"**SK이터닉스(475150)와 같은 섹터 내 주요 종목 거래량 비교** 현재 제공된 데이터에는 SK이터닉스의 거래량 정보는 있으나, 동일 섹터 내 타 종목의 구체적인 거래량 데이터는 포함되어 있지 않습니다. 따라서 SK이터닉스와 섹터 내 타 종목 간의 거래량 직접 비교는 불가능합니다. 다만, 한국 52주 신고가를 기록한 주요 종목들 중에 반도체·전자 부문 관련 기업을 참고하면 아래와 같습니다. | 종목코드 | 종목명     | 52주 신고가 (KRW) | 신고가일      | |----------|------------|-------------------|--------------| | 000660   | SK하이닉스 | 884,000           | 2026-01-29   | | 347700   | 스피어     | 27,150            | 2026-01-29   | | 452430   | 사피엔반도체 | 40,450           | 2026-01-29   | | 357780   | 솔브레인   | 453,500           | 2026-01-29   | | 475150   | SK이터닉스 | (거래량 및 주가 정보 별도) | -          | - 이들 종목들의 거래량 데이터가 추가 제공되면 비교가 가능합니다. **요약**   - SK이터닉스 거래량 및 주가 정보는 있으나, 같은 섹터 타 종목은 제공 데이터에 거래량이 없어 비교 불가.   - 동종 업계 주요 종목들의 52주 신고가 정보만 확인 가능하며, 거래량 데이터가 포함된 경우 비교가 가능합니다. 추가 거래량 데이터 제공 시 비교 분석이 가능함을 참고 바랍니다."
2026-02-18 14:38:12,ibks,2614e4da-3f0f-470f-b8b1-0b83d44f2594,U8aX3zVdkmWagDxjiqNN6I4A4kviODKihJxVUFZ/JuFgbeFI29o0wm+85LDRIy3z4O/rmFZMTZmSCGeeGQwSIQ==,etf_fund,FINAL,,"market,theme",15522.0,우주 관련 기술 ETF는 어떤 게 있나요?,"**우주 관련 기술 ETF 목록** 제공된 데이터 기준으로 우주 산업을 직접 표기한 ETF는 없으나, 우주 관련 기술과 밀접한 연관이 있는 AI, 로보틱스, 자율주행 기술 중심의 ETF가 있습니다. 이러한 ETF들은 우주 산업에서 쓰이는 첨단 기술들을 포함할 가능성이 있습니다. | 티커  | ETF 유형  | 국가 | ETF 명                                                         | |--------|------------|------|----------------------------------------------------------------| | ARKQ   | 자율주행   | US   | ARK Autonomous Technology & Robotics ETF                       | | BOTZ   | AI         | US   | Global X - Robotics & Artificial Intelligence ETF              | | IBOT   | AI         | US   | VanEck Robotics ETF                                            | | IRBO   | AI         | US   | iShares Robotics and Artificial Intelligence Multisector ETF  | | ROBT   | AI         | US   | First Trust Nasdaq Artificial Intelligence and Robotics ETF    | **참고** - 이들 ETF는 로보틱스, AI, 자율주행 기술을 중심으로 하며, 우주 탐사 및 관련 기술과의 간접적 연관성이 있을 수 있습니다. - 우주를 직접적으로 타겟하는 ETF는 데이터 내 확인되지 않습니다."
2026-02-18 14:37:33,ibks,2614e4da-3f0f-470f-b8b1-0b83d44f2594,U8aX3zVdkmWagDxjiqNN6I4A4kviODKihJxVUFZ/JuFgbeFI29o0wm+85LDRIy3z4O/rmFZMTZmSCGeeGQwSIQ==,etf_fund,FINAL,,"market,theme",15231.0,우주관련etf종목이 있어?,"**우주 관련 ETF 종목** 제공된 데이터에는 우주 산업이나 항공우주 테마로 명확히 분류된 ETF는 없습니다. 다만, 자율주행, 로보틱스, AI, 전기차 등 첨단기술 관련 ETF들이 있으며, 이들이 간접적으로 우주산업과 기술 접목 가능성을 가진 분야로 볼 수 있습니다. 아래는 관련될 수 있는 대표 ETF들입니다. | 티커 | ETF 유형 | 국가 | ETF 명 | |---|---|---|---| | ARKQ | 자율주행 | US | ARK Autonomous Technology & Robotics ETF | | BOTZ | AI | US | Global X - Robotics & Artificial Intelligence ETF | | IBOT | AI | US | VanEck Robotics ETF | | IRBO | AI | US | iShares Robotics and Artificial Intelligence Multisector ETF | | ROBT | AI | US | First Trust Nasdaq Artificial Intelligence and Robotics ETF | **참고사항** - 현재 우주산업을 직접적으로 다루는 전문 ETF는 데이터에 포함되어 있지 않습니다. - 우주 관련 투자는 주로 로켓, 위성, 방위산업 등을 포함하며, 이러한 분야가 일부 자율주행이나 로보틱스, AI 기술과 결합되는 경향이 있기 때문에 관련 ETF들 일부가 우주 산업의 기술적 측면과 연관될 수 있습니다."
2026-02-18 11:43:18,ibks,547ccd74-04c2-4f1c-b0d0-e8d1a98353b9,A1H7YvdpPy9ZGg7S78PNPj0psATej9rNzAGk2T/MrrLAUiuEhXrIVbtd/R/DUGxnNfs2KNEBANuz+5wqcNqtpg==,analyst,FINAL,,"market,stock",4902.0,다원시스 EPS 추이와 애널리스트 전망은요?,"**다원시스(068240) EPS 추이 및 애널리스트 전망** --- **EPS 추이 (단위: 원)** | 구분       | 2023년      | 2024년      | |------------|-------------|-------------| | EPS        | 108.00      | 304.00      | - 2023년에서 2024년 사이에 다원시스의 주당순이익(EPS)은 108원에서 304원으로 크게 상승하였습니다. (2026-02-18 기준) --- **애널리스트 EPS 예상** | 구분           | 기간     | EPS 평균 (원)  | |----------------|----------|----------------| | 연간 추정치    | 2026년   | 1,421.94       | - 다원시스의 2026년 연간 EPS 평균 추정치는 약 1,421.94원으로 현재 대비 상당한 성장이 기대되고 있습니다. 다만, 분기별 별도 EPS 추정치는 제공되지 않았습니다.(2026-01-24 - 2026-01-31 기준) --- **요약** - 2024년 EPS가 2023년보다 3배 가까이 상승한 점은 수익성 측면에서 긍정적 변화로 볼 수 있습니다. - 2026년 애널리스트들의 연간 EPS 추정치도 크게 상승한 수치를 보이는데, 이 점은 향후 이익 개선 전망에 일부 반영된 것으로 해석됩니다."
2026-02-18 09:32:03,ibks,f289a0f9-ff02-4767-ba8e-7eac1da7f466,vEYYxnOW0YgDHYgKgJUwgsw+q1SqnJKqJCUPIAN3aAaHz0fq3saiOtYHGmlq8WcOfcvQoIaOIYR+GltBddygfw==,simple_name,FINAL,,"etf,market",3538.0,분배율,**KODEX 미국AI테크TOP10타겟커버드콜 (종목코드: 483280) 분배율 정보** - 제공된 데이터에는 KODEX 미국AI테크TOP10타겟커버드콜(483280)의 분배율(배당수익률 또는 분배금 비율) 관련 정보가 포함되어 있지 않습니다. 따라서 분배율에 관한 구체적인 수치는 제공할 수 없습니다.
2026-02-18 09:26:14,ibks,b7f4c940-48ec-4143-b6d6-0b689db18f60,x9tkekPEIJhHIawzD3JkPyMYOxsEbIIAjNWMBkhGetsdyeFQcsKEZywY6FMbuvM3lptR+PuRvMTl6J/nlDHFAw==,financial,FINAL,,"etf,market",3885.0,최근배당률,"**KODEX미국배당다우존스타겟커버드콜(종목코드 483290)의 최근 배당률** - 제공된 데이터 내에는 해당 ETF의 최근 배당률에 관한 정보가 포함되어 있지 않습니다. 따라서, 추가적인 배당률 정보는 ETF 운용사 공시 또는 증권사 홈페이지 등 공식 자료를 참고하실 필요가 있습니다."
2026-02-18 06:13:55,ibks,77200b5c-b0a1-434c-aa52-20b676c23ffe,fw6aFnMb2L21BmZ47Ma0mp9kiaDAldDiR/ijP/WqA6G8M2SSDemenw5a8N+ybUqF4S3TXyb8lU/XbktbiDpu3g==,comprehensive_analysis,FINAL,,"market,stock",8069.0,디아이(003160)를 종합적으로 분석해줘,"**디아이(003160) 종합 분석** --- **1. 재무 현황 (2023-2025년 기준)** | 지표       | 2023년       | 2024년       | 2025년       | 단위/통화    | |------------|--------------|--------------|--------------|-------------| | 매출       | ₩2,145억     | ₩2,140억     | ₩4,156억     | KRW         | | 영업이익   | ₩61억        | ₩31억        | ₩361억       | KRW         | | 순이익     | ₩20억        | ₩28억        | ₩271억       | KRW         | | PER        | 56.54        | 374.11       | 43.06        | 배수        | | PBR        | 1.08         | 2.45         | -            | 배수        | | EPS        | ₩111         | ₩39          | ₩657         | KRW         | | 부채비율   | 74.01%       | 90.54%       | -            | %           | | BPS(Q4)   | ₩5,836       | ₩5,902       | -            | KRW         | | DPS(Q4)   | ₩100         | ₩100         | -            | KRW         | | 배당수익률(Q4) | 1.59%    | 0.69%        | -            | %           | | 배당성향(Q4) | 82.12%      | 237.52%      | -            | %           | - **매출은 2024년까지 정체 뒤 20"
2026-02-18 04:24:38,ibks,5337c436-6d12-4347-95d7-02414fc55c9d,JF5tK2Nt0hm6HUFMkJBUq2zAiTrQ5dJscennDio2/Xr0wKaHkcmHJ71ypsiI015TxWRS90zuwqu73gy0MZSmmQ==,etf_fund,FINAL,,"market,theme",14138.0,바이오ETF종목알려죠,"바이오 관련 ETF는 제공된 데이터에 포함되어 있지 않습니다.  현재 제공된 데이터에는 바이오섹터 ETF 목록이 포함되어 있지 않으므로, 바이오 ETF 종목 정보는 제공할 수 없습니다."
2026-02-17 23:05:18,ibks,dbfc15f0-ea3e-449e-8405-f09ed3ea2418,8loqq8KOy267xONmf/XS1O73IcoeuwmOudoGdftUAUPZnvUXeEy4oPhaKTOxst8cLpLpM4n2rUSS4gmd58mhnA==,comprehensive_analysis,FINAL,,"market,theme",15090.0,"국내에 상장된 AI 및 반도체 테마 ETF 상품들의 종류와 각각의 운용 방식, 투자 전략 및 최근 수익 현황을 종합적으로 분석해 주세요.","국내 상장 AI 및 반도체 테마 ETF에 대해 **운용 방식, 투자 전략, 최근 수익 현황**을 포함한 종합 분석을 요청하셨으나, 제공된 데이터 내에는 해당 ETF들의 구체적인 운용 방식, 투자 전략, 최근 수익 현황과 같은 세부 정보는 포함되어 있지 않습니다. 다만, 국내 AI 및 반도체 테마 ETF 종류 목록은 아래와 같이 확인됩니다. --- **국내 AI 테마 ETF (KR) 목록** | 종목코드 | ETF명                     | 비고                  | |----------|--------------------------|-----------------------| | 461340   | HANARO 글로벌생성형AI액티브 | AI 테마                | | 466950   | TIGER 글로벌AI액티브       | AI 테마                | | 469070   | RISE AI&로봇              | AI/로봇 테마           | | 471760   | TIGER AI반도체핵심공정     | AI 및 반도체 융합테마  | | 471990   | KODEX AI반도체핵심장비     | AI 및 반도체 융합테마  | | 481180   | SOL 미국AI소프트웨어       | 미국 AI 소프트웨어 관련| | 485540   | KODEX 미국AI테크TOP10      | 미국 AI 관련기술 중심  | **국내 반도체 테마 ETF (KR) 목록** | 종목코드 | ETF명                       | 비고                  | |----------|----------------------------|-----------------------| | 367760   | RISE 네트워크인프라         | 반도체 인프라 관련    | | 381180   | TIGER 미국필라델피아반도체나스닥 | 미국 나스닥 반도체 지수 추종 | | 390390"
2026-02-17 19:32:29,ibks,a254ade8-368f-4041-980e-18cb7794a411,R867v5F4SjvLyVBYe+QiPmnPTlKsBGGdzYmsCqZLWXLETf0EoRDHWqS9jWZvEACnEv+T3SG7c/1c8UNnIg7CiQ==,financial,FINAL,,"market,theme",38004.0,국내 반도체 관련 고배당주 중 배당수익률이 높은 종목들을 순위별로 상세히 알려 주세요.,"**국내 반도체 관련 고배당주 중 배당수익률 순위**에 대한 상세 데이터는 별도로 제공되지 않았습니다. 다만, 현재 제공된 국내 고배당주 데이터 내에서 반도체 관련 여부를 판단할 수 있는 추가 정보가 없어, 반도체 섹터만 별도로 분리한 배당수익률 순위는 확인되지 않습니다. 현재 국내 고배당주 상위 10개 종목 중 반도체 관련 종목 여부를 데이터 내에서 확인할 수 없으므로, 배당수익률 높은 국내 고배당주 리스트를 아래 표로 우선 제공해 드립니다. | 순위 | 종목코드 | 종목명       | 배당수익률(%) | 기준일       | |------|--------|------------|----------|------------| | 1    | 009240 | 한샘         | 18.6     | 2026-02-12 | | 2    | 038390 | 레드캡투어     | 17.7     | 2026-02-12 | | 3    | 096240 | 크레버스      | 13.7     | 2026-02-12 | | 4    | 415380 | 스튜디오삼익    | 11.0     | 2026-02-12 | | 5    | 352090 | 스톰테크      | 10.4     | 2026-02-12 | | 6    | 092130 | 이크레더블    | 10.2     | 2026-02-12 | | 7    | 208140 | 정다운       | 9.5      | 2026-02-12 | | 8    | 440290 | HB인베스트먼트 | 9.2      | 2026-02-12 | | 9    | 053980 | 오상자이엘    | 9.1      | 2026-02-12 | | 9    | 478560 | 블랙야크아이앤씨 | 9.1      | 2026-02-12 | | 10   | 040420 | 정상제이엘에스  | 9.0      | 2026-02-12 | | 10   | 460850 | 동국씨엠     | 9.0      | 2026-02-12 | "
2026-02-17 18:56:06,ibks,ee344877-c048-4453-bd2a-c9154e95de26,7BRHfA7irLb1Q96t5kN7I3KruVF7CsqFTY4AGbZ3TpjCddrNwGZUIbTcxas7i9khqefLcQUGC8fmNz5bqkF9+A==,other,FINAL,,"market,stock",4563.0,샤페론의 누세린 임상 1상 결과는 어땠나요?,"**샤페론(종목코드: 378800) 누세린 임상 1상 결과** - 누세린의 임상 1상 투약이 완료되었다는 사실은 확인되었으나, 구체적인 임상 1상 결과(안전성, 유효성, 세부 데이터 등)에 관한 내용은 제공된 데이터 내에 별도로 공개되어 있지 않습니다. (이투데이, 2025-12-22 [링크](https://www.etoday.co.kr/news/view/2538597)) - 따라서 현재 시점에서는 임상 1상 완료 사실은 확인 가능하나, 결과의 세부 평가나 종합적인 효능 평가는 공개된 정보가 없습니다."
2026-02-17 17:53:52,ibks,87efa86d-c846-4ac9-8d63-240951e492c0,HsJn5hAIxjM8cuGQvR3tf/FwSsxiL1UaDN25oedmgSuJE5ccrdnbust3lcyR0u8ej73ehbfBE9x2bk0fRnjTuw==,financial,FINAL,,"market,theme",38004.0,국내 반도체 관련 고배당주 중에서 배당수익률이 높은 종목들을 순위별로 알려주세요.,"**국내 반도체 관련 고배당주 중 배당수익률 순위** 제공된 데이터 내 국내 고배당주 리스트에는 업종 세부 정보가 포함되어 있지 않아, 반도체 관련 종목만 별도 선별된 자료는 없습니다. 다만, 국내 고배당주 전체 리스트와 각 종목의 배당수익률 데이터를 아래 표로 정리합니다. | 순위 | 종목코드 | 종목명     | 배당수익률(%) | 기준일       | |-------|----------|------------|---------------|--------------| | 1     | 009240   | 한샘       | 18.6          | 2026-02-12   | | 2     | 038390   | 레드캡투어 | 17.7          | 2026-02-12   | | 3     | 096240   | 크레버스   | 13.7          | 2026-02-12   | | 4     | 415380   | 스튜디오삼익 | 11.0         | 2026-02-12   | | 5     | 352090   | 스톰테크   | 10.4          | 2026-02-12   | | 6     | 092130   | 이크레더블 | 10.2          | 2026-02-12   | | 7     | 208140   | 정다운     | 9.5           | 2026-02-12   | | 8     | 440290   | HB인베스트먼트 | 9.2        | 2026-02-12   | | 9     | 053980   | 오상자이엘 | 9.1           | 2026-02-12   | | 9     | 478560   | 블랙야크아이앤씨 | 9.1      | 2026-02-12   | | 10    | 040420   | 정상제이엘에스 | 9.0         | 2026-02-12   | | 10    | 460850   | 동국씨엠   | 9.0           | 2026-02-12   | **참고사"
2026-02-17 14:18:01,ibks,66584c8d-bae6-4970-9471-de6ee8111150,JZIKROEGyUfNxW4oWAJ4RmCrOlprsf1DqxPj2QMAC8z3WepudQy+pemykZKzWbfFF2KmQ/Xh72/ZeohDdONDnQ==,etf_fund,FINAL,,"market,theme",15355.0,원자력 관련 섹터 ETF 중 다른 종목도 알려주세요.,"**원자력 관련 섹터 ETF 중 다른 종목 안내** 현재 제공된 데이터 내에서는 KODEX K원자력SMR(0098F0) 외에 별도의 원자력 섹터 전용 ETF 목록이 포함되어 있지 않습니다. 다만, 원자력과 연관될 수 있는 친환경 혹은 에너지 관련 섹터 ETF 중 일부는 다음과 같은 분류로 추정할 수 있습니다. --- | 구분 | 티커/종목코드 | 국가  | ETF명                                           | ETF 유형   | |-------|---------------|--------|------------------------------------------------|------------| | 한국 | 0098F0        | KR     | KODEX K원자력SMR                               | 원자력SMR  | | 미국 | XLE           | US     | The Energy Select Sector SPDR Fund              | 원유/에너지 | | 미국 | IYE           | US     | iShares US Energy ETF                            | 에너지     | | 미국 | IXC           | US     | iShares Global Energy ETF                        | 에너지     | | 미국 | TAN           | US     | Invesco Solar ETF                               | 태양광/친환경 에너지 | - **KODEX K원자력SMR(0098F0)**는 원자력과 소형모듈원자로(SMR) 기술을 주로 반영한 국내 ETF입니다. - 미국 시장에는 원자력 단독 섹터 ETF는 드물고, 에너지/친환경 에너지 섹터 내 일부 관련 종목 또는 기업이 포함되어 있을 수 있습니다. - 친환경 에너지나 원유·에너지 ETF에 일부 원자력"
2026-02-17 12:52:14,ibks,4f42d1c0-869e-48f8-8746-cec97fc0ffcb,QCKdQa5CR8rNncbljV+GrTCLZ1Ndwt7E6+76D0o92Hm7W1MxDtqMpq+CD250SuYG077HXQWdu7HRXihAJ6kgSw==,other,FINAL,,market,1926.0,대주주 지분50% 이상,"제공된 데이터 내에 특정 종목의 대주주 지분 50% 이상 보유 여부에 관한 정보가 없습니다.   따라서, 대주주 지분율이 50% 이상인 종목에 대해 답변할 수 없습니다."
2026-02-17 08:30:45,ibks,4acbeaf4-9a4d-4b35-9719-f1544896a01e,Wn2YLcM5CVsLdREJ6SM4jpbK98DKX5MwTzKsfrnwn7FrzQ8OYkvMPr4G4uK2SB1TnMNyPl9eWWV/bemft8ADSg==,analyst,FINAL,,"market,stock",2545.0,GST목표주가?,"제공된 데이터 내에는 GST(종목코드 083450)의 목표주가 정보가 포함되어 있지 않습니다.  목표주가 관련 구체적인 수치나 근거가 공개된 자료가 있을 경우 추가로 안내할 수 있으나, 현재 보유한 데이터 범위에서는 해당 정보를 제공할 수 없습니다."
2026-02-17 05:20:08,ibks,9aed9b19-1c9b-4fc3-82f5-777f3394282b,DTlMTp1cFDA8ojLwow7R626mykVjC1JiQgS1VDKX7hXlyP1SXAS25VFSqm7CKMaMi43oHoXLOApuUYerV3/H8A==,simple_name,FINAL,,"market,stock",3790.0,거래가는,"**사용자 질문에 대한 직접적 답변**   - 삼성전자(KOSPI, 005930)의 최근 5일간 거래량(거래가 빈도 관련 지표)은 다음과 같습니다(KRW 기준): | 날짜       | 거래량         | |------------|----------------| | 2026-02-13 | 34,454,192     | | 2026-02-12 | 41,296,011     | | 2026-02-11 | 22,760,242     | | 2026-02-10 | 19,369,566     | | 2026-02-09 | 25,098,971     | - 거래가는 구체적으로 제공된 데이터에 없으며, 일반적으로 거래량은 주식 거래의 활발함을 보여주는 지표입니다.   - 만약 ‘거래가’가 거래 가격을 의미하는 경우, 이는 변동 시가·고가·저가·종가 중 해당 거래 시점별 데이터가 필요하지만, 제공된 정보에서는 일별 시가, 고가, 저가, 종가만 있습니다.   **참고 가격 데이터 (KRW 기준)** | 날짜       | 시가        | 고가        | 저가        | 종가        | |------------|-------------|-------------|-------------|-------------| | 2026-02-13 | 179,500.00  | 184,400.00  | 178,900.00  | 181,200.00  | | 2026-02-12 | 171,200.00  | 179,600.00  | 170,100.00  | 178,600.00  | | 2026-02-11 | 164,000.00  | 168,600.00  | 162,000.00  | 167,800.00  | | 2026-02-10 | 167,400.00  | 168,100.00  | 165,500.00  | 165,800.00  | | 2026-02-09 | 168,600.00  | 168,700.00  | 165,000.00  | 166,400.00  |"
2026-02-17 04:59:41,ibks,06aed4dc-72da-4353-8c14-4bc1c97cc375,7/fsvxqLKWeO9tJuplBZorzbOo449zBTLj1yaK1KzqVX0m+JLivZVUyake2a6VO+SlQvQjVBl84+vSuP8KvikA==,comprehensive_analysis,FINAL,,"market,stock",7244.0,에이비엘바이오(298380)를 종합적으로 분석해줘,"**사용자 질문에 대한 직접적 답변**   에이비엘바이오(298380, KOSDAQ)는 최근 3개년(2023-2025) 재무 데이터 기준으로 매출 증가는 관찰되나 영업손실과 당기순손실이 지속되고 있습니다.   - 2023년 매출은 655억 원, 2024년 334억 원으로 감소했으나 2025년 1,104억 원으로 크게 증가함   - 영업이익은 2023년 -26억 원, 2024년 -594억 원, 2025년 -79억 원으로 적자를 지속   - 순이익도 2023년 -26억 원, 2024년 -555억 원, 2025년 -67억 원으로 적자 유지   - 주당순이익(EPS)은 2023년 -55원, 2024년 -1,094원, 2025년 -123원으로 모두 음수   - 부채비율은 2023년 116.18%, 2024년 38.67%, 2025년 자료는 미제공   에이비엘바이오는 중장기적으로 손실 폭이 줄어드는 경향을 보이나 적자 상태가 지속되고 있으며, 자본 규모는 점차 증가하는 것으로 확인됩니다. --- **최근 주요 뉴스 및 이슈**   - 에이비엘바이오는 4-1BB 이중항체 관련 논문을 국제학술지에 게재하며 기존 단일항체 한계를 극복하는 연구 결과를 발표했습니다. (서울경제, 2026-02-11 [링크](https://n.news.naver.com/mnews/article/011/0004589202))   - BBB 셔틀 ‘그랩바디-B’ 핵심기술과 IGF1R 단일항체에 대해 콜롬비아 특허를 확보한 것으로 나타났습니다. (서울경제, 2026-02-10 [링크](https://n.news.naver.com/mnews/article/011/0004588617), 파이낸셜뉴스, 2026-02-09 [링크](https://www.fnnews.com/news/202602091828438803))   - 최근 재평가 기대감과 함께 알고리즘 분석에서 주목받고 있다는 보도도 있습니다. (한국경제, 2026-02-09 [링크](https://n.news.naver.com/mnews/art"
2026-02-17 00:31:40,ibks,1a82dd8e-3d5d-4ee5-8aa9-b94e9079ae20,Jo0EUxVLybl4CG4zMk3ltvyJONNgu9fInrXa9furnok4MJWorGyw2d0TWgNDSVWAeJ6HpEpm3kzySJ94uTExUw==,forecast,FINAL,,"market,stock",2786.0,사조동아원 주가전망,"**사용자 질문에 대한 직접적 답변**   - 사조동아원(종목코드 008040)의 2026년 1월 말 기준 연간 주당순이익(EPS) 추정치는 268.00 KRW로 일정하게 유지되고 있습니다. (2026-01-24 ~ 2026-01-31 기준)   - EPS 추정치 외에 별도의 애널리스트 목표가나 등급 데이터는 제공되지 않아 주가 관련 전망을 직접 판단할 수 있는 추가 자료는 없습니다.   **투자 키포인트**   - EPS가 268 KRW로 안정적으로 추정되어, 수익 측면에서 일정 수준의 이익 창출이 기대되는 상황입니다.   - 별도 애널리스트 리포트가 제한되어 있어 투자 판단 시 회사의 실적 발표나 업계 동향 등 추가 정보 확인이 필요할 가능성이 있습니다.   **향후 전망 및 핵심 요약**   - EPS의 변화가 없이 일정한 점을 고려하면 단기 내 큰 변동성은 제한적일 수 있으나, 시장과 업계 환경 변화에 따른 이익 변동 가능성은 열려 있습니다.   - 향후 주가 전망은 추가적인 펀더멘털 지표와 시장 상황에 의해 좌우될 것으로 예상됩니다."
2026-02-16 18:47:27,ibks,4208ea1e-2ca0-4d53-8eb2-6a81f69046c2,tFl5hs67FtZp6RPvIEXEFqsoRO0XhPlRVVxLoDah/JSuc2L+ZzS2bdQklzzetgDvcaPLx8PFFCBiK8rxqnIw5w==,forecast,FINAL,,"market,stock",3157.0,대성하이텍 주가예측,"**사용자 질문에 대한 직접적 답변**   - 대성하이텍(종목코드 129920)의 주가 예측 데이터는 제공되지 않았습니다.   - 다만, 최근 주가 동향을 참고할 수 있도록 최신 5거래일 종가와 거래량 데이터를 아래 표로 정리합니다.   | 날짜       | 시가     | 고가     | 저가     | 종가     | 거래량      | 단위/통화  | |----------|--------|--------|--------|--------|-----------|---------| | 2026-02-13 | 5,150   | 5,530   | 5,120   | 5,420   | 260,215   | KRW      | | 2026-02-12 | 5,200   | 5,210   | 5,000   | 5,200   | 174,543   | KRW      | | 2026-02-11 | 5,600   | 5,600   | 5,140   | 5,150   | 371,582   | KRW      | | 2026-02-10 | 5,270   | 5,600   | 5,210   | 5,500   | 428,920   | KRW      | | 2026-02-09 | 5,290   | 5,350   | 5,190   | 5,270   | 242,006   | KRW      | - 위 가격과 거래량은 2026년 2월 9일 - 2026년 2월 13일 기준입니다.   *주가 예측과 관련한 구체적인 방향성이나 수치 모델은 제공된 데이터 내에 포함되어 있지 않아 안내해 드리기 어렵습니다.*"
2026-02-16 16:46:24,ibks,236b4542-318d-4783-b71b-94f0e6fc6bc1,Or1gCbksGLGVGKBYZg+8bi1mQN86KYTdcgm+Ibb271vT6ZkSDBM4+3MFbaFwZlRGgMaHlRyw+xMKLn33vAeGzA==,other,FINAL,,"market,stock",3622.0,에스티아이 목표가,"에스티아이(039440)의 목표가에 대한 공식적인 애널리스트 리포트나 목표주가 데이터는 제공된 자료 내에 포함되어 있지 않습니다.  다만, 2026년 1월 말 기준으로 추정된 에스티아이의 EPS(주당순이익)는 연간 4,860 KRW에서 7,044 KRW 범위 내에 있으며 평균 5,952 KRW로 전망되고 있습니다. (2026-01-24 ~ 2026-01-31 기준) 이 EPS 추정치를 참고할 경우, 투자자들은 개별적으로 적정 주가를 산출할 수 있으나, 제공된 데이터에서는 목표가에 관한 구체적인 수치나 애널리스트 의견은 포함되어 있지 않습니다."
2026-02-16 14:39:34,ibks,bdbd3f36-03b8-4cb3-95e3-503297779756,vuMkMTvP61zWcFV5VvWoU/MyIqVX/Vsm2XwblkXbGDG/t1Qo5luC2Boe+CWIL9uf14qQMsqfNWGiz2bvYCk4eg==,analyst,FINAL,,"market,stock",4422.0,에스피지 EPS 전망과 애널리스트 의견은 어때요?,"**에스피지(058610) EPS 전망 및 애널리스트 의견** - 2026년 에스피지의 연간 EPS(주당순이익) 추정치는 1,728원으로, 2025년 EPS 674원 대비 크게 상승할 것으로 예상됩니다(2026-01-31 기준).   - 분기별 EPS 추정치는 제공된 데이터 내에는 없으며, 연간 EPS만 동일하게 1,728원으로 유지되고 있습니다.   - 애널리스트들의 평가는 제공된 데이터에 따르면 별도의 등급이나 목표주가 제시는 없으며, EPS 예측만 반복적으로 제시되고 있습니다.   따라서 에스피지의 EPS는 2026년에 크게 상승할 것으로 전망되나, 애널리스트 의견이나 목표주가는 구체적으로 확인되지 않습니다."
2026-02-16 13:47:03,ibks,a77123e2-ca6d-4963-9ff5-093c2cef3dec,AsJ+lpbfKlroygnwhQuni8+Ip7X8ItDsoDwvx4Ue/mi8vnSbUjLslCszE3jzNGpmp9pKGn0nQtNT0XamKocBtw==,etf_fund,FINAL,,"market,stock",3773.0,코아시아가 포함된 관련 ETF는 뭐가 있나요?,코아시아(045970)가 포함된 관련 ETF 구성 종목 정보는 제공된 데이터 내에 없습니다.
2026-02-16 13:46:11,ibks,a77123e2-ca6d-4963-9ff5-093c2cef3dec,AsJ+lpbfKlroygnwhQuni8+Ip7X8ItDsoDwvx4Ue/mi8vnSbUjLslCszE3jzNGpmp9pKGn0nQtNT0XamKocBtw==,news,FINAL,,"market,stock",4711.0,코아시아 AI 칩렛 계약 관련 뉴스 더 있나요?,"**코아시아(045970) AI 칩렛 계약 관련 추가 뉴스** 제공된 자료 내에서는 2026년 1월 7일 텐스토렌트와 체결한 AI 칩렛 양산 계약에 관한 상세 보도가 주로 확인됩니다. 이 외에 AI 칩렛과 직접 관련된 별도 계약이나 추가 뉴스는 포함되어 있지 않습니다. 다만, 이전 뉴스들을 종합하면 코아시아는 반도체 칩렛 아키텍처 ‘CoCs’ 공개(2025-10-22), Arm 토털 디자인 생태계 합류(2025-10-16) 등 AI 및 반도체 칩렛 기술 분야에서 생태계 확장과 기술협력을 지속 중임을 알 수 있습니다. (전자신문, 2025-10-22 [링크](https://www.etnews.com/20251022000345), 2025-10-16 [링크](https://www.etnews.com/20251016000228)) 정리하면, 텐스토렌트와 AI 칩렛 양산 계약 외에는 현재 제공된 데이터 범위 내에서 별도의 추가 AI 칩렛 계약 뉴스는 없습니다."
2026-02-16 04:49:50,ibks,284e1a47-2fb3-47d0-8c6e-f206a8f974ca,us9wsVxSWx+6zR8fNSarJz4jX+5sw3jsdUbktbQfdOBfuWEhaBc9AMVyetHo2scwqQ2sADEQXcJHsqzYc6//Gg==,simple_name,FINAL,,"market,stock",4596.0,퓨리오지분,현재 제공된 데이터 내에서는 엑스페릭스(317770)의 퓨리오지분 관련 정보가 포함되어 있지 않습니다.  관련 구체적인 지분 보유 현황이나 퓨리오와의 관계에 대해서는 별도의 공시나 추가 자료 확인이 필요합니다.
2026-02-16 04:22:00,ibks,c4cd302c-1faf-4789-bb4a-374b6942ac8f,jXuJqRpDfBY412hSu0s5Tg6X0WeWvDC+JQyLJTCgmtJWn7Kub/uKRMiOS7xaVLcWhMp3cmavPVvIstMZ29FzDA==,trading,FINAL,,"market,stock",4138.0,최근 재영솔루텍 외국인 매수 추이는 어때요?,재영솔루텍(종목코드: 049630)의 외국인 매수 추이에 관한 구체적인 데이터는 제공된 자료에 포함되어 있지 않습니다.  따라서 최근 외국인 매수 추이를 판단할 수 있는 근거가 없음을 알려드립니다.
2026-02-16 04:21:43,ibks,c4cd302c-1faf-4789-bb4a-374b6942ac8f,jXuJqRpDfBY412hSu0s5Tg6X0WeWvDC+JQyLJTCgmtJWn7Kub/uKRMiOS7xaVLcWhMp3cmavPVvIstMZ29FzDA==,trading,FINAL,,"market,stock",7110.0,외국인 매수 상황,재영솔루텍(종목코드: 049630)의 외국인 매수 상황에 관한 별도의 데이터는 제공된 정보 내에 포함되어 있지 않습니다. 따라서 외국인 투자자의 매수·매도 동향에 대해서는 구체적인 내용을 전달드리기 어렵습니다.
2026-02-16 02:58:46,ibks,71d4884d-ec04-48a3-b6c4-3b8e8de6406f,kqgKIBM3+1wOzZJQ76IrrYS9DVHWiFlkkKPLk1Y2SUqgz3IifiLETEtKi6B6BLdQK6OGBpAiCvTC/61ZsKSTXA==,comprehensive_analysis,FINAL,,"market,stock",8124.0,KT 종합적으로 분석해줘,"**KT(종목코드 030200) 종합 분석** --- **최근 주요 뉴스 및 이슈**   - KT가 개인정보위 과징금 규모 문제에 촉각을 세우고 있음(블로터, 2026-02-13 [링크](https://www.bloter.net/news/articleView.html?idxno=654408))   - 설 연휴 기간 보이스피싱·스미싱 대응을 위한 인공지능 기반 디지털 안전망 강화 활동 진행(비즈니스포스트, 2026-02-12 [링크](https://www.businesspost.co.kr/BP?command=article_view&num=430125))   - KT밀리의서재 2025년 영업이익 143억 원으로 30% 증가, 주당 배당금 550원 결정 소식(비즈니스포스트, 2026-02-12 [링크](https://www.businesspost.co.kr/BP?command=article_view&num=430260))   - 노후 KTX 교체 입찰 경쟁 본격화 중으로, 관련 산업 환경 변화 영향 가능성(아주경제, 2026-02-13 [링크](https://www.ajunews.com/view/20260213170826769)) --- **투자 키포인트**   - 안정적인 매출 성장: 2023년부터 2025년까지 매출이 지속 증가(263,763억 KRW → 282,727억 KRW)   - 영업이익 변동성 존재: 2024년 영업이익 감소 후 2025년에 크게 반등 (16,498억 → 8,095억 → 24,572억 KRW)   - 순이익도 비슷한 패턴 (9,887억 → 4,171억 → 17,854억 KRW), 이익 변동성은 사업 환경이나 일회성 요인 가능성 시사   - PER과 PBR은 2025년에 전년 대비 개선, 2025년 PER 8.27배, PBR 0.76배 수준   - 배당 측면에서 2025년 1주당 배당금 2,389원으로 배당 수익률 과거 대비 일정 수준 유지, 다만 배당성향은 공개되지 않음   - 부채비율은 130% 이상 유지, 재무 안정성 관점에서"
2026-02-15 23:27:44,ibks,7eb8da03-e128-419d-9aec-c5a202ace640,iV6EAvhSsEXzLez7N23wwn0IvxbokCdOxOezKVYWW0kSzm20yVKTQnmRKBXabY3otRf+XY1UIlAFs9zTwMyLcQ==,other,FINAL,,"market,stock",6581.0,파인텍 자회사는 있나요?,"**파인텍(종목코드 131760) 자회사 현황** - 제공된 데이터 내에 파인텍의 직접적인 자회사 명단이나 구체적인 자회사 관련 정보는 포함되어 있지 않습니다.   - 다만, 동일 그룹 내 또는 관련 뉴스에 등장하는 대성파인텍(131760)이라는 이름이 혼용되며, 대성파인텍은 모노리스인천파크라는 자회사를 100% 지분 취득했다고 밝혔습니다.   - 모노리스인천파크는 인천국제공항 테마파크 사업을 추진하는 자회사로, 대성파인텍이 이 사업을 확장 중인 점을 고려할 때, 파인텍과 대성파인텍이 동일 법인인지 혹은 관계사인지에 대해서는 제공 데이터만으로 분명하지 않습니다. 따라서 파인텍의 명확한 자회사 현황에 대해서는 현재 제공된 공식 자료 내에서는 확인이 어려우며, 추가적인 기업 공시나 공식 보고서를 통해 확인할 필요가 있습니다."
2026-02-15 23:22:25,ibks,7eb8da03-e128-419d-9aec-c5a202ace640,iV6EAvhSsEXzLez7N23wwn0IvxbokCdOxOezKVYWW0kSzm20yVKTQnmRKBXabY3otRf+XY1UIlAFs9zTwMyLcQ==,trading,FINAL,,"market,stock",3656.0,코스닥 내 파인텍 섹터 비중 변화는 어때요?,"**파인텍(종목코드 131760) 코스닥 섹터 비중 변화 현황** - 제공된 데이터 상으로 파인텍(131760)의 ETF 섹터 구성 현황은 존재하나, 구체적인 섹터별 비중 데이터가 제공되지 않아, 코스닥 내 파인텍의 섹터 비중 변화 추이를 확인할 수 없습니다.   - 동일하게, 주요 섹터별 비중의 시계열 데이터도 부재하여 변화 추이나 동향 분석이 불가한 상황입니다.   따라서 공식적으로 제공된 데이터 범위 내에서는 코스닥 내 파인텍이 속한 섹터의 비중 변화에 관한 구체적이고 객관적인 정보를 제공할 수 없습니다."
2026-02-15 23:20:40,ibks,7eb8da03-e128-419d-9aec-c5a202ace640,iV6EAvhSsEXzLez7N23wwn0IvxbokCdOxOezKVYWW0kSzm20yVKTQnmRKBXabY3otRf+XY1UIlAFs9zTwMyLcQ==,comparison,FINAL,,"market,stock",4076.0,파인텍과 비슷한 코스닥 종목 주가 비교할 수 있을까요?,"**파인텍(131760)과 비슷한 코스닥 종목 주가 비교 관련 안내** - 제공된 데이터는 파인텍(131760)의 주가 및 거래량 데이터만 포함하고 있으며, 동종 또는 유사 코스닥 종목의 주가 데이터는 별도로 제공되지 않았습니다. - 따라서 동일 기준 시점과 형태로 파인텍과 유사한 코스닥 종목의 주가를 비교하는 정보는 현재 제공된 자료 내에는 없습니다. 필요시, 관련 코스닥 종목들의 개별 주가 데이터를 추가로 확보할 경우 구체적인 비교 분석이 가능합니다."
2026-02-15 23:15:18,ibks,7380e10e-4e37-4e45-82bc-73a47dfa4bbe,eysdQ5xwctXRvWq1t8eedhasy8Xf4/BlXdfCOsfMyXGloyg/Ksx8D7yudYERspf3rnzFSLEqN2n4CVldyG9xGA==,comparison,FINAL,,"market,stock",6732.0,OLED 시장 내 파인텍 경쟁사와 비교는 어떻게 되나요?,"**파인텍(131760) OLED 시장 내 경쟁사 비교** --- 현재 제공된 데이터 내에는 파인텍과 직접적으로 경쟁하는 OLED 제조장비 시장 내 타 기업과의 비교 정보는 포함되어 있지 않습니다. 따라서 경쟁사별 시장 점유율, 재무 성과, 기술력 등의 상세 비교는 제공할 수 없습니다. 다만, 파인텍은 삼성디스플레이 베트남과 150억 원 규모 OLED 제조장비 공급 계약을 체결하는 등, 삼성과 LG디스플레이의 8세대 IT용 OLED 투자 확대에 맞춰 수주 확대와 매출 성장이 기대되는 주요 플레이어로 나타나고 있습니다. 이 점을 고려할 때: - OLED 제조장비 분야는 삼성디스플레이, LG디스플레이 등 대형 고객사들의 대규모 투자 확대에 따라 경쟁이 치열할 수 있으나, - 파인텍은 대형 수주와 기술적 협업을 통해 해당 시장에서 의미 있는 입지를 확보하고 있습니다. 경쟁사별 구체적 비교는 추가적인 데이터가 필요합니다."
2026-02-15 15:46:38,ibks,f74284b6-62d2-4a82-83c6-2ddff682f54a,Z9P5jpcHk5wqEouVOv4BF98SnLlhk4iG6thnPEvL9Wm5kluTnu/jH7JwTabWcJFzrgg8cKmk9HLjatX6P7qp9g==,simple_name,FINAL,,"market,stock",3161.0,Sk이터닉스,"**사용자 질문에 대한 직접적 답변**   - Sk이터닉스는 한국 KOSPI 시장에 상장된 종목코드 034730의 기업명으로, 데이터상 명칭은 ‘SK’로 확인됩니다.   - 최근 20일간의 주가 데이터를 보면 2026년 2월 13일 기준 SK의 종가는 349,500 KRW이며, 이 기간 내 주가는 289,000 KRW에서 363,000 KRW 사이에서 등락하였습니다.   **최근 5일간 SK 주가 데이터 (KRW, 2026-02-09 - 2026-02-13)** | 날짜       | 시가       | 고가       | 저가       | 종가       | 거래량      | |------------|------------|------------|------------|------------|-------------| | 2026-02-13 | 342,000.00 | 363,000.00 | 341,500.00 | 349,500.00 | 370,203.00  | | 2026-02-12 | 343,500.00 | 348,000.00 | 337,500.00 | 342,500.00 | 296,732.00  | | 2026-02-11 | 328,000.00 | 344,500.00 | 324,000.00 | 338,000.00 | 222,417.00  | | 2026-02-10 | 333,500.00 | 333,500.00 | 326,000.00 | 330,500.00 | 137,897.00  | | 2026-02-09 | 326,000.00 | 334,000.00 | 318,500.00 | 330,000.00 | 222,322.00  | - 별도의 최신 뉴스 데이터는 제공되지 않아 관련 이슈 및 투자 키포인트는 제시하지 않습니다."
2026-02-15 12:37:22,ibks,b5c1229d-4dd8-4214-9c01-cb45dab9600c,fcyHuh5xAR1Sdb4Hx/Cxuz6hrOBx9/h5JTkeDfdllIw/pKQJFEkcXH/duEJnlxo+eY1HKobLIkhQ7FaPoHcZQQ==,etf_fund,FINAL,,"market,stock",3673.0,딥노이드 포함된 ETF나 섹터는 어떤 게 있나요?,"**딥노이드(315640) 포함 ETF 및 섹터 현황** | ETF 이름       | ETF 심볼 | 지역 | 포트폴리오 내 딥노이드 비중(%) | |--------------|----------|------|----------------------------| | RISE AI플랫폼 | 427120   | KR   | 2.23                       | | RISE AI&로봇  | 469070   | KR   | 1.15                       | | KIWOOM 의료AI | 483020   | KR   | 0.52                       | - 2026-02-15 기준, 딥노이드는 한국(KR) 시장 상장 ETF 중 주로 AI 및 의료 AI 관련 ETF에 포함되어 있습니다. - 딥노이드가 속한 섹터별 비중 데이터는 별도로 제공되지 않았습니다."
2026-02-15 03:22:04,ibks,3f6ad8a4-6972-4da5-b927-717ce9d9bea6,kiiZ4h1n52KEfKzGyRz2AG1hnVGIdfyNpZwwmrrepLbGIJFZ4huKs3+vElGkERhAV0R9mIPAV2EnWaryhjD9sA==,analyst,FINAL,,"market,stock",4818.0,심텍 목표주가가 없는 이유가 뭔가요?,"**심텍(종목코드: 222800) 목표주가가 없는 이유**   - 2026년 1월 말 기준 애널리스트 평가 데이터에서는 심텍에 대해 매수, 보유, 매도 등 어떤 등급 평가도 산출되지 않았고, 단 한 건의 평가를 포함하여도 '평가 없음(비평가)' 상태로 나타났습니다.   - 이는 관련 증권사 또는 애널리스트가 최근 일정 기간 동안 심텍에 대해 별도의 업데이트나 공식 의견 발표를 하지 않았음을 의미합니다.   - 목표주가 부재는 단순히 평가가 이루어지지 않은 상태로, 심텍에 대한 구체적 증권사 보고서 또는 컨센서스가 현재 수집된 데이터 내에 없기 때문입니다.   - 과거 2025년에는 일부 증권사에서 실적 개선 기대를 바탕으로 목표주가를 제시한 적 있으나, 2026년 이후 공식 애널리스트 분석 보고서 혹은 목표주가는 제공된 데이터에 포함되어 있지 않습니다.   따라서 목표주가가 없는 것은 최근 애널리스트들이 심텍을 새로 평가하거나 의견을 내지 않았기 때문이며, 평가 및 목표주가 산출에 필요한 최신 자료가 부재한 점이 주된 원인입니다."
2026-02-14 15:24:57,ibks,1cb94457-d0bc-4885-a2d1-4cbe1ad64c0a,x9vrXn6LtHYtyzylTtjbhBPB%2FL3g1yA92DomVhbtvsDl21SSad4haIrYSjpeTe6L22Fkah7OfoCudEKvUJzJ5g%3D%3D,other,FINAL,,"market,stock",4273.0,SK네트웍스 부채비율 변화는 어때요?,"**SK네트웍스(001740) 부채비율 변화 (2023-2025년 기준)** | 연도   | 부채비율 (%)  | |--------|--------------| | 2023년 | 322.59       | | 2024년 | 151.16       | | 2025년 | 데이터 없음  | - SK네트웍스의 부채비율은 2023년에 매우 높은 322.59%였으나, 2024년에는 크게 개선되어 151.16%로 감소   - 2025년 부채비율 데이터는 제공되지 않아 추정이나 추가 분석은 어려움   - **2023년 대비 2024년에 부채비율이 절반 이상 줄어든 점이 눈에 띄며, 재무구조가 상당 부분 개선된 것으로 파악됨**   - 2025년 정보가 없으므로 이후 추세는 확인이 필요함."
2026-02-14 09:19:57,ibks,9980d135-0505-4a7f-88c4-bcc8ea7f2b43,MIj8E8RuzYt2aa1IGlZkEUIBe9bqbzqhAZMIE4Bb6XYGcCBaQnkFEaJRdS49XxkFi3HrjNCj8l00LUFfuT3PUA==,forecast,FINAL,,"market,stock",1847.0,퓨쳐켐 주가전망,"**사용자 질문에 대한 직접적 답변** - 요청하신 220100(퓨쳐켐)의 주가 전망 관련 데이터는 제공된 정보 내에 없습니다.   - 별도의 애널리스트 보고서, 뉴스, 실적 데이터 등이 제공되지 않아 주가 전망에 대해 사실 기반으로 답변드리기 어렵습니다.   퓨쳐켐(220100, KOSDAQ)의 구체적인 주가 전망에 관한 근거 자료가 추가로 필요합니다."
2026-02-14 07:33:43,ibks,f996c742-533e-4b51-9409-3f94a995ca9c,ue7tIpVVwhZXelRLP6Xl1SSub9Wk1Zpvq/CI/M1Oj+mNSFy4y1+VozV1RyR/P8wo5ssEartHL7BHbE08h5+5uQ==,forecast,FINAL,,"market,stock",4165.0,와이투솔루션주가전망?,"**사용자 질문에 대한 직접적 답변**   와이투솔루션(종목코드 011690)의 2026년 연간 EPS(주당순이익) 컨센서스는 113.00 KRW로 동일하게 유지되고 있습니다(2026-01-24 기준). 최근 5일간 주가 변동은 다음과 같습니다:   | 날짜       | 시가     | 고가     | 저가     | 종가     | 거래량         |   |----------|--------|--------|--------|--------|--------------|   | 2026-02-13 | 6,090   | 7,340   | 6,010   | 7,260   | 11,589,718   |   | 2026-02-12 | 5,720   | 5,800   | 5,620   | 5,650   | 829,498     |   | 2026-02-11 | 6,080   | 6,150   | 5,700   | 5,710   | 1,590,798   |   | 2026-02-10 | 6,920   | 6,990   | 6,000   | 6,000   | 2,614,051   |   | 2026-02-09 | 6,590   | 7,080   | 6,310   | 6,920   | 1,732,593   |   **투자 키포인트**   - EPS 예상치는 113.00 KRW로 안정적이며 변동이 없습니다.   - 최근 주가 변동성이 다소 큰 편으로, 거래량도 일정 부분 집중되는 경향을 보이고 있습니다.   - 시장 내 영향 요인이나 외부 뉴스 데이터는 별도로 제공되지 않아 추가 이슈 분석은 불가합니다.   **향후 전망 및 핵심 요약**   - EPS 컨센서스의 변화가 없고 최근 주가 변동성이 커 단기적으로 주가 변동성이 존재할 가능성이 있음을 시사합니다.   - 구체적인 매출, 수익, 외부 환경 변화 데이터가 없어 장기 주가 전망 관련 명확한 판단 근거는 제한적입니다.   - 투자 결정 시 추가적인 재무 및 시장 환경 정보 확인이 필요할 것으로 보입니다."
2026-02-14 03:58:46,ibks,059081cb-5017-4930-be17-74aa57e48081,l286qA3CDbWkmkTYHTJCSpsfN03qKz/PcJ1GSDoB9sn2Qur/iE0ARWFT8/pDBPJqObhkgq5BmbDup0aDHn9hEA==,comprehensive_analysis,FINAL,,"market,stock",6784.0,스틱인베스트먼트(026890)를 종합적으로 분석해줘,"**스틱인베스트먼트(026890) 종합 분석** --- **주요 재무 데이터 (2023-2024년)** | 재무지표     | 2023년   | 2024년   | 단위/통화   | |-------------|----------|----------|-------------| | 매출        | ₩938     | ₩795     | 백만원      | | 영업이익    | ₩331     | ₩134     | 백만원      | | 순이익      | ₩276     | ₩93      | 백만원      | | PER         | 10.47    | 38.60    | 배          | | PBR         | 1.00     | 1.25     | 배          | | EPS         | 662.00   | 224.00   | 원          | | 부채비율    | 12.69    | 6.40     | %           | | BPS (Q4)    | ₩6,906   | ₩6,887   | 원          | | DPS (Q4)    | ₩250     | ₩250     | 원          | | 배당수익률(Q4) | 3.61%  | 2.90%    | %           | | 배당성향(Q4) | 33.15%   | 96.79%   | %           | - 2023년 대비 2024년 매출, 영업이익, 순이익 모두 감소하였으며, 특히 영업이익과 순이익의 하락 폭이 두드러집니다. - PER이 2023년 10.47배에서 2024년 38.60배로 상승했는데, 이는 이익 감소에 따른 주가 대비 이익의 상대적 고평가 가능성을 시사할 수 있습니다. - 부채비율은 12.69%에서 6.40%로 낮아져 재무안전성은 개선된 모습입니다. - 배당금은 동일하나 배당성향이 크게 상승(33.15% → 96.79%)하여 이익 대비 배당 지급 비중이 크게 높아졌습니다. --- **최근 주요 뉴스 및 이슈**   - "
2026-02-14 01:30:20,ibks,ce31771b-9df7-4e16-9c9f-34b35c351d83,pHEwAv6nxXdAQpI+30/MWF+OJWUzNSXRBFhvrwT1mNlG5sJaszew9Gje2193d1HaD22GGSGjBy0hDYn6sx595Q==,other,FINAL,,market,4946.0,s&p 500,"**사용자 질문에 대한 직접적 답변**   - 제공된 데이터에서는 S&P 500 지수의 구체적인 수치나 상세 동향은 없으나, 2026-02-13 기준으로 S&P 500을 포함한 미국 주요 주가지수가 지난주 1.2% 이상 하락하며 하락세를 보였다는 점이 확인됩니다. (WSJ, 2026-02-13 [링크](https://www.wsj.com/finance/stocks/stocks-rise-on-softer-inflation-data-but-ai-jitters-trigger-worst-week-since-november-611bd7ca))   - Nasdaq은 상대적으로 부진했고, Dow Jones는 일부 상승했으나, 전반적으로 주간 기준 약세장을 경험했습니다. (Investors Business Daily, 2026-02-13 [링크](https://www.investors.com/market-trend/the-big-picture/dow-jonesstock-market-rises-sp500-nasdaq-lags-inflation-cools-fed-minutes-walmart-earnings/))   **최근 주요 뉴스 및 이슈**   - 미국 소비자물가지수(CPI)가 예상보다 낮게 발표되면서 인플레이션이 5년 만에 최저 수준에 근접했으며, 이는 연방준비제도(Fed)의 금리 정책에 영향을 미칠 가능성이 있습니다. (Fast Company, 2026-02-13 [링크](https://www.fastcompany.com/91492861/inflation-trump-economy-prices))   - 인공지능(AI)에 대한 우려가 산업 전반에 확산되면서 시장 변동성이 커지고 있으며, 이로 인해 주가지수들이 약세를 나타냈다는 평가도 있습니다. (Barrons, 2026-02-13 [링크](https://www.barrons.com/articles/dow-50-000-stocks-may-have-peaked-772a4528))   - 연준 관료는 AI 관련 우려 확산과"
2026-02-14 00:09:40,ibks,51479f23-972f-436f-a687-94042dfa8d27,C96rwcoG7f5k98UUA2GzCaW9fjlMK6AaYNSyYecRNPSws63g1mxsBMbBm5maP3raRL3v26d9ts68n6KBfS87Jg==,trading,FINAL,,"etf,market",3264.0,SOL코리아고배당 ETF 섹터 비중 알려주세요.,"**SOL코리아고배당 (종목코드: 0105E0) ETF 섹터 비중** - 제공된 데이터에 따르면, SOL코리아고배당 ETF의 섹터별 구성 비중에 관한 구체적인 정보는 없습니다. - 섹터별 비중 표본이나 수치가 제공되지 않아, 섹터별 배분 현황을 확인할 수 없습니다. 따라서, 현재 보유한 데이터 기준으로 SOL코리아고배당 ETF의 섹터 비중 정보는 제공 불가합니다."
2026-02-14 00:09:21,ibks,51479f23-972f-436f-a687-94042dfa8d27,C96rwcoG7f5k98UUA2GzCaW9fjlMK6AaYNSyYecRNPSws63g1mxsBMbBm5maP3raRL3v26d9ts68n6KBfS87Jg==,etf_fund,FINAL,,"etf,market",3152.0,SOL코리아고배당 ETF 구성 종목 정보가 궁금해요.,SOL코리아고배당 (종목코드: 0105E0) ETF의 구성 종목 정보는 제공된 데이터 내에 아직 포함되어 있지 않아 확인할 수 없습니다.  따라서 해당 ETF의 구성 종목을 표기된 형태로 제공드리기 어려운 점 참고 부탁드립니다.
2026-02-14 00:08:26,ibks,51479f23-972f-436f-a687-94042dfa8d27,C96rwcoG7f5k98UUA2GzCaW9fjlMK6AaYNSyYecRNPSws63g1mxsBMbBm5maP3raRL3v26d9ts68n6KBfS87Jg==,financial,FINAL,,"etf,market",4331.0,SOL코리아고배당,"**SOL코리아고배당 (종목코드: 0105E0)에 대한 정보** | 구분 | 내용 | |---|---| | 종목명 | SOL코리아고배당 | | 종목코드 | 0105E0 | | 시장 | KOSPI (한국거래소) | | 상장여부 | 상장, 거래 활성 | | ETF 특성 | 고배당 관련 ETF | **최근 5일간 가격 정보 (KRW, 2026-02-09 - 2026-02-13 기준)** | 날짜 | 시가 | 고가 | 저가 | 종가 | 거래량 | |---|---|---|---|---|---| | 2026-02-13 | 13,970 | 14,220 | 13,850 | 14,030 | 1,860,959 | | 2026-02-12 | 13,695 | 13,925 | 13,600 | 13,925 | 1,413,648 | | 2026-02-11 | 13,420 | 13,589 | 13,311 | 13,565 | 1,819,401 | | 2026-02-10 | 13,126 | 13,410 | 13,077 | 13,291 | 1,543,333 | | 2026-02-09 | 12,788 | 13,037 | 12,778 | 12,947 | 1,117,590 | - **섹터별 구성 비중 데이터는 별도로 제공되지 않았습니다.** 해당 ETF는 KOSPI 상장 고배당 ETF로, 최근 신규 상장 ETF 중 하나입니다. 거래 활발하며, 가격 변동 추이도 비교적 안정적인 편입니다."
2026-02-13 21:38:48,ibks,1a525ea9-2c2d-4864-8bc1-7156f6262ade,qBzkwpmFXDZRB4pJXVNPD9sn+eG3uwYGobYdOBIB5eqQpmdEOJtRdcNMccHEopn6otBMB9s48LHP7Zsa84XjCA==,other,FINAL,,"market,stock",2596.0,동성제약 거래중단 사유는 뭔가요?,"**동성제약(002210) 거래중단 사유** - 제공된 데이터 내에서는 동성제약의 거래중단 사유에 대한 구체적인 정보가 포함되어 있지 않습니다. - 거래중단 사실만 확인되며, 사유에 관한 공식 발표나 세부 내용은 별도로 제공되지 않았습니다. 거래중단 사유를 정확히 확인하려면 한국거래소 또는 동성제약의 공식 공시 자료를 참조하는 것이 필요합니다."
2026-02-13 21:38:20,ibks,1a525ea9-2c2d-4864-8bc1-7156f6262ade,qBzkwpmFXDZRB4pJXVNPD9sn+eG3uwYGobYdOBIB5eqQpmdEOJtRdcNMccHEopn6otBMB9s48LHP7Zsa84XjCA==,other,FINAL,,"market,stock",2468.0,동성제약 거래중단 사유나 현황 알려주세요.,"**동성제약(002210) 거래중단 현황 및 사유** - 동성제약은 현재 거래가 중단된 상태입니다. - 제공된 데이터에 따르면 거래 중단 사유에 대한 구체적인 내용은 포함되어 있지 않습니다. - 다만, 거래가 중단된 사실만 확인되며, 날짜 관련 정보는 제공되지 않았습니다. 추가로 거래중단 사유에 대해서는 별도의 공식 공시나 관련 당국의 발표를 참고할 필요가 있습니다."
2026-02-13 20:41:46,ibks,4407b008-11b4-446b-ab24-14587c2fd1dc,LzPU9ikrJHUVuNr0y7FAsiAXx2MRyv1QkKjzhukgBhn4VgT+0ZZQZbQ4CXFya6syBsV4my09h/TS48wEGZpk8w==,analyst,FINAL,,"market,stock",4092.0,에코프로 목표주가,"에코프로(086520)의 목표주가에 관한 데이터는 제공된 자료 내에 포함되어 있지 않습니다.  즉, 현재 보유한 정보에는 에코프로의 목표주가 또는 애널리스트들의 목표주가 평가가 존재하지 않으므로 해당 내용을 안내해 드릴 수 없습니다."
2026-02-13 17:24:12,ibks,ccc68422-9f40-4f4e-bdbf-f5aaeb44e41f,xNmEZ642rxQaK1OuUvhBOiiLCWJ5dWdgf8A5fvr60kA4u6ITWEFaUoFv7/BJocTVnqjWWnpgXV7jV5/JkebTsA==,forecast,FINAL,,"market,stock",5047.0,2026년 오로스테크놀로지 주가전망,"제공된 데이터 내에는 2026년 오로스테크놀로지(종목코드 322310)의 구체적인 주가 전망 자료 또는 예측 정보가 포함되어 있지 않습니다. **향후 전망 및 핵심 요약**   - 2025년 말 기업설명회에서 공개된 R&D 현황과 반도체 고대역폭 메모리(HBM) 관련 장비 수요 증가는 중장기 성장 잠재력 요인으로 꼽힙니다.   - 2025년에는 영업이익 및 순이익이 적자 전환되었으나, 이는 연구개발 투자 확대와 반도체 업황 변동성 등의 영향으로 해석됩니다.   - 반도체 검사 및 오버레이 계측 장비 분야에서 국내 유일 국산화 성공 업체로서 후발주자로서의 성장 가능성이 존재합니다. 삼성전자, SK하이닉스 등 주요 고객사 투자 확대가 실적과 주가에 영향을 줄 수 있는 점도 중요합니다.   - 최근 주가 변동은 반도체 업황 기대감, 기관·개인 매매 동향, 2025년 기업설명회 발표에 대한 시장 반응 등이 복합적으로 작용한 결과입니다.   요약하면, 2026년 주가 방향성은 반도체 장비 수요 증대와 R&D 투자 성과 등 사업 실적 개선 및 업황 변화에 영향을 받을 수 있으나, 제공된 데이터만으로는 구체적인 수치 기반 전망이나 예측은 확인되지 않습니다."
2026-02-13 17:23:35,ibks,ccc68422-9f40-4f4e-bdbf-f5aaeb44e41f,xNmEZ642rxQaK1OuUvhBOiiLCWJ5dWdgf8A5fvr60kA4u6ITWEFaUoFv7/BJocTVnqjWWnpgXV7jV5/JkebTsA==,financial,FINAL,,"market,stock",5594.0,오로스테크놀로지 영업이익률 변화도 알려주세요.,"**오로스테크놀로지(322310) 영업이익률 변화** 제공된 데이터에는 연도별 정확한 영업이익률 수치는 없으나, 영업이익과 매출액을 바탕으로 추산해 보면 다음과 같습니다. | 연도   | 매출액 (억 KRW) | 영업이익 (억 KRW) | 영업이익률 (추산, %) | |--------|-----------------|-------------------|---------------------| | 2023년 | 455             | 24                | 약 5.3%             | | 2024년 | 614             | 61                | 약 9.9%             | | 2025년 | 615             | -27               | 약 -4.4%            | - 2023년 약 5.3%에서 2024년 약 9.9%로 영업이익률이 크게 상승했으나, - 2025년에는 매출은 거의 유지됨에도 불구하고 영업이익이 적자로 전환되면서 영업이익률도 -4.4% 수준으로 하락함 **요약**   오로스테크놀로지의 영업이익률은 2023년부터 2024년까지 상승세를 보이다 2025년에 비용 증가 및 투자 확대 등으로 인해 적자 전환하면서 큰 폭으로 하락한 것으로 추정됩니다."
2026-02-13 16:44:52,ibks,3c9a72b1-a034-4d90-9212-6004c2d9ecc0,IQoQlVlczIlE/LQ7/PSfSyandTXnWyavb2AA/mkdBAPvFIP+15Syave8Ekt+nj+wEMWcnfZKR1eDxf7UtqLRqw==,other,FINAL,,"market,stock",6131.0,비츠로시스 최근 부채비율 변화는 어때요?,"**비츠로시스(054220) 최근 부채비율 변화** | 기간     | 부채비율 (%) | |----------|--------------| | 2023년   | 135.01       | | 2024년   | 191.95       | - 부채비율이 2023년 135.01%에서 2024년 191.95%로 크게 상승하였음   - 이는 재무 안정성 관점에서 부채 부담이 증가한 상황임을 의미함   - 구체적인 부채 증가 원인에 관한 정보는 제공된 데이터 내에 포함되어 있지 않음   요약하면, **비츠로시스의 부채비율은 2023년 대비 2024년에 상당 폭 상승해 재무 건전성에 대해 신중한 검토가 필요한 상황으로 판단됩니다.**"
2026-02-13 16:44:13,ibks,3c9a72b1-a034-4d90-9212-6004c2d9ecc0,IQoQlVlczIlE/LQ7/PSfSyandTXnWyavb2AA/mkdBAPvFIP+15Syave8Ekt+nj+wEMWcnfZKR1eDxf7UtqLRqw==,other,FINAL,,"market,stock",5923.0,비츠로시스 자본 감소 원인에 대해 알려주세요.,"**비츠로시스(054220) 자본 감소 원인에 대한 분석** - 제공된 재무 데이터 기준(2023년~2024년)으로 비츠로시스의 BPS(주당순자산가치)가 352원에서 293원으로 감소한 점에서 자본 감소가 확인됨   - 순이익은 2023년 -63억 원에서 2024년 -103억 원으로 적자폭이 확대되어 누적 손실이 자본 감소에 영향을 미쳤을 가능성이 큼   - 부채비율이 2023년 135.01%에서 2024년 191.95%로 상승한 점과 함께 재무구조 악화로 인한 자본 감소가 반영된 것으로 판단됨   - 다만, 구체적인 자본 감소 원인(예: 자본 감소 결정, 유상증자, 배당성향 변화 등)에 대해서는 제공된 데이터와 뉴스에 명시된 내용이 없어 상세 원인 파악은 제한적임   요약하면, **비츠로시스 자본 감소는 주요하게 순손실 확대에 의한 누적 적자 반영과 재무구조 악화가 복합적으로 작용한 결과로 보이나, 추가적인 공시나 재무 상세 자료 확인이 필요합니다.**"
2026-02-13 16:43:17,ibks,3c9a72b1-a034-4d90-9212-6004c2d9ecc0,IQoQlVlczIlE/LQ7/PSfSyandTXnWyavb2AA/mkdBAPvFIP+15Syave8Ekt+nj+wEMWcnfZKR1eDxf7UtqLRqw==,other,FINAL,,"market,stock",5399.0,비츠로시스 부채비율 변화가 궁금해요.,"**비츠로시스(054220) 부채비율 변화** | 기간     | 부채비율 (%) | |----------|--------------| | 2023년   | 135.01       | | 2024년   | 191.95       | - 2023년 대비 2024년에 부채비율이 135.01%에서 191.95%로 크게 상승함   - 이는 재무 안정성 측면에서 유의할 필요가 있는 수치로, 기업의 부채 부담이 증가했음을 의미함   - 구체적인 부채 증가 원인이나 대응 방안에 대해서는 제공된 데이터에 포함되어 있지 않음   요약하면, **비츠로시스의 부채비율은 2023년에서 2024년 사이에 크게 상승하여 재무건전성에 대해 주의가 요구되는 상황임**을 알 수 있습니다."
2026-02-13 16:42:51,ibks,3c9a72b1-a034-4d90-9212-6004c2d9ecc0,IQoQlVlczIlE/LQ7/PSfSyandTXnWyavb2AA/mkdBAPvFIP+15Syave8Ekt+nj+wEMWcnfZKR1eDxf7UtqLRqw==,howto,FINAL,,"market,stock",5180.0,비츠로시스의 R&D 투자 현황은 어떻게 되나요?,"**비츠로시스(054220) R&D 투자 현황** - 비츠로시스는 매출의 약 5%를 연구개발(R&D)에 재투자하고 있음이 확인됨   - AI 기술을 활용해 화학단지 설비 및 공정 이상 진단 기술 개발에 중점을 두고 있으며, 이를 통해 장기적으로 기술 경쟁력 강화 및 매출 증대를 목표로 하고 있음 (전자신문, 2025-12-11 [링크](https://www.etnews.com/20251211000067))   - 2024년 말에는 K-뷰티 관련 투자와 동남아 시장 진출 추진 계획도 발표하는 등 R&D 및 신사업 투자 확대가 진행 중임 (머니투데이, 2024-12-13 [링크](https://n.news.naver.com/mnews/article/008/0005127841)) - 다만, 제공된 재무 데이터에는 구체적인 R&D 비용 수치가 포함되어 있지 않으며, R&D 강도(연간 비율) 관련 정보 역시 제공되지 않음 요약하면, **비츠로시스는 매출 대비 약 5% 수준의 R&D 재투자를 꾸준히 진행하며 AI 및 신사업 분야에 집중 투자하는 전략을 유지하고 있으나, 구체적 금액이나 연도별 증감 추이는 제공된 데이터에서 확인되지 않습니다.**"
